time_step,base_lin_vel_x,base_lin_vel_y,base_lin_vel_z,base_ang_vel_x,base_ang_vel_y,base_ang_vel_z,projected_gravity_x,projected_gravity_y,projected_gravity_z,velocity_command_x,velocity_command_y,velocity_command_yaw,joint_pos_base_lf1,joint_pos_lf1_lf2,joint_pos_lf2_lf3,joint_pos_base_rf1,joint_pos_rf1_rf2,joint_pos_rf2_rf3,joint_pos_base_lb1,joint_pos_lb1_lb2,joint_pos_lb2_lb3,joint_pos_base_rb1,joint_pos_rb1_rb2,joint_pos_rb2_rb3,joint_vel_base_lf1,joint_vel_lf1_lf2,joint_vel_lf2_lf3,joint_vel_base_rf1,joint_vel_rf1_rf2,joint_vel_rf2_rf3,joint_vel_base_lb1,joint_vel_lb1_lb2,joint_vel_lb2_lb3,joint_vel_base_rb1,joint_vel_rb1_rb2,joint_vel_rb2_rb3,joint_effort_base_lf1,joint_effort_lf1_lf2,joint_effort_lf2_lf3,joint_effort_base_rf1,joint_effort_rf1_rf2,joint_effort_rf2_rf3,joint_effort_base_lb1,joint_effort_lb1_lb2,joint_effort_lb2_lb3,joint_effort_base_rb1,joint_effort_rb1_rb2,joint_effort_rb2_rb3,prev_action_base_lf1,prev_action_lf1_lf2,prev_action_lf2_lf3,prev_action_base_rf1,prev_action_rf1_rf2,prev_action_rf2_rf3,prev_action_base_lb1,prev_action_lb1_lb2,prev_action_lb2_lb3,prev_action_base_rb1,prev_action_rb1_rb2,prev_action_rb2_rb3
0.000000,-0.280292,-0.100721,0.011908,-0.347844,0.126843,-0.117574,0.050357,0.093414,-1.005993,0.150000,0.000000,0.000000,-0.086955,0.026333,0.071423,-0.101217,-0.010834,-0.056325,-0.100298,-0.072601,-0.106728,0.017116,-0.085966,0.113047,-1.806212,1.165751,-0.803477,1.530058,1.773574,-1.603421,1.565605,0.379364,-1.444152,0.898839,-0.148481,0.223059,0.665758,-0.706555,-0.701256,0.685141,-0.724024,-0.700553,-0.710144,-0.705509,0.640714,0.753982,0.746222,0.704921,0.000000,0.000000,0.000000,0.000000,0.000000,0.000000,0.000000,0.000000,0.000000,0.000000,0.000000,0.000000
1.000000,-0.216649,-0.056832,-0.302514,0.051793,0.342035,-0.433482,0.005846,-0.070072,-1.031399,0.150000,0.000000,0.000000,-0.003858,-0.027431,0.031234,-0.083800,-0.093523,-0.054975,-0.176898,-0.072414,-0.012414,0.075584,-0.079841,0.136933,-0.943190,-0.142865,-1.623296,4.208244,-4.751643,-1.657785,-4.423592,-2.959898,3.127632,2.413575,4.239149,4.063009,-0.138153,0.055773,0.424780,0.115891,-0.786637,-0.656815,-0.627854,-0.682635,0.735209,0.671397,0.785905,0.749123,-0.031298,-0.222922,-0.156565,0.128980,0.023994,0.100065,-0.123852,0.275692,0.067705,-0.057422,0.359691,0.121963
2.000000,-0.266993,-0.096677,-0.419075,0.360497,-0.227661,0.253311,-0.092214,-0.066243,-1.069383,0.150000,0.000000,0.000000,-0.028679,0.026461,0.052131,-0.045307,-0.157155,-0.182541,-0.240543,-0.186853,-0.003360,0.153497,0.020143,0.232519,2.308061,-2.074107,-1.984671,0.403969,-5.749126,-5.441892,-0.121812,-7.419286,4.456722,5.155418,7.112886,7.015977,-0.008827,0.101209,0.220682,-0.203276,-0.637135,-0.768298,-0.602796,-0.790151,0.684168,0.740953,0.760641,0.729218,0.081980,0.168328,0.109774,0.342367,-0.353191,0.192934,0.178086,-0.192201,-0.308172,-0.028552,0.320727,-0.234135
3.000000,-0.204657,0.119294,0.253082,-0.651740,-5.127363,-0.372861,-0.045916,-0.029538,-1.030468,0.150000,0.000000,0.000000,0.010950,-0.033503,0.074400,0.027500,-0.281357,-0.257387,-0.185570,-0.252693,0.170576,0.329424,0.180383,0.332692,1.980943,-0.636432,-1.762423,0.524057,-1.795166,0.095485,0.804656,1.451598,8.717697,9.187786,4.315760,8.307570,0.014313,-0.064521,0.148589,-0.095486,-0.777568,-0.736228,-0.636485,-0.754060,0.701630,0.766319,0.606071,0.719897,0.051615,0.144507,0.078978,0.204627,-0.063101,0.178693,0.045379,-0.147387,-0.091200,0.000161,0.184614,-0.108205
4.000000,-0.103296,0.055689,0.205238,0.815465,-6.063951,-0.380842,-0.103798,-0.065978,-1.027324,0.150000,0.000000,0.000000,0.000688,0.006903,-0.030371,-0.002224,-0.211231,-0.256411,-0.251399,-0.257283,0.335277,0.395032,0.317222,0.554872,-1.083433,-1.054255,-2.841504,1.422362,0.600253,3.227438,1.558011,4.311849,6.820601,6.717962,2.372487,6.009425,0.093625,0.109546,0.423986,-0.278395,0.755581,0.613015,0.686979,0.747254,-0.692671,-0.640524,-0.662025,-0.705775,-0.051790,0.513615,0.100898,0.408890,-0.617146,0.522560,0.342586,-0.161615,-0.504842,-0.098648,0.616288,-0.480045
5.000000,-0.226099,0.018925,0.082239,-0.129248,-6.193767,-0.800228,-0.290026,-0.078844,-0.880065,0.150000,0.000000,0.000000,-0.048333,-0.037371,0.026252,0.114704,-0.113229,-0.100107,-0.132421,-0.222171,0.421492,0.507640,0.296999,0.624036,2.280670,2.548158,0.251642,5.364051,1.307113,4.635920,5.024788,2.023355,1.578167,2.639579,0.373507,0.896559,0.680493,-0.045576,0.145284,-0.528369,-0.323304,0.609813,0.603303,-0.745545,-0.779063,-0.641797,-0.797569,-0.713684,0.292539,1.163706,-0.549030,0.482380,-0.807706,0.506532,0.773271,-0.756855,-0.940605,-0.506358,1.203948,-1.168238
6.000000,-0.207010,0.011681,0.018171,-0.984383,-6.164537,0.042359,-0.389066,0.077148,-0.857184,0.150000,0.000000,0.000000,0.039263,0.042816,0.033238,0.062761,-0.142295,-0.109355,-0.001786,-0.122189,0.378122,0.499457,0.280417,0.643192,1.533371,-0.278861,-0.058419,2.105089,1.253693,3.034122,5.926115,3.862211,-2.071812,-1.017918,-1.048281,0.339212,-0.114133,-0.043959,0.049007,-0.640301,-0.176116,-0.383994,-0.641751,0.671912,-0.752484,-0.791502,-0.684194,-0.632759,0.754947,1.618416,-1.207338,0.566258,-0.631229,0.562858,1.055025,-1.312839,-1.347652,-0.749251,1.507764,-1.546006
7.000000,-0.282491,0.098916,-0.088842,-0.947894,-6.650624,0.010931,-0.431968,0.075145,-0.936570,0.150000,0.000000,0.000000,0.077213,0.041269,-0.066948,0.181110,-0.108972,0.043560,0.080698,-0.092107,0.419142,0.503860,0.245311,0.540219,3.733525,-1.302882,-2.427840,1.148919,1.235196,6.915167,9.991316,0.183193,-2.847949,-1.330142,-5.827739,-2.116407,0.616158,0.036528,0.043271,-0.232564,-0.042708,0.677407,0.790790,-0.757662,-0.710141,-0.722180,-0.646522,-0.682111,1.253802,2.110382,-1.695612,0.724385,-0.781898,0.740613,1.156022,-2.019758,-1.408567,-0.760403,1.593649,-1.815012
8.000000,-0.356780,0.127317,-0.103240,-1.300874,-6.027215,-0.890362,-0.702365,0.049125,-0.753640,0.150000,0.000000,0.000000,0.153930,-0.008728,-0.048966,0.205402,-0.150398,0.132272,0.278619,-0.138983,0.323545,0.459228,0.123435,0.488828,6.994818,0.136840,-4.480347,1.343706,-3.055795,6.209849,11.876457,-1.341845,-7.036446,-4.217795,-8.996992,-3.803390,0.630467,0.648430,-0.610756,-0.410872,-0.730716,0.638323,0.785353,-0.609437,-0.664861,-0.735024,-0.741373,-0.749203,1.092490,1.709310,-1.214240,0.600406,-1.132944,1.152256,0.897366,-1.792093,-0.598144,-0.516883,1.973092,-1.674273
9.000000,-0.419646,0.079431,-0.307855,-1.245526,-6.515977,-0.476858,-0.679071,0.002511,-0.604594,0.150000,0.000000,0.000000,0.250864,0.110099,-0.136962,0.198902,-0.180971,0.343215,0.588958,-0.183489,0.148150,0.321129,-0.092079,0.420191,8.756752,5.350120,-7.571441,3.122515,-4.390279,11.855619,11.200764,-5.024973,-9.851111,-8.378894,-11.577472,-3.571743,-0.728694,0.650440,-0.745184,-0.353698,-0.741265,0.674725,-0.750924,0.668621,-0.722955,-0.724038,-0.770426,0.761959,0.906316,1.466149,-0.668829,0.637195,-1.350430,1.006153,0.891073,-1.624677,-0.406644,-0.428543,1.766380,-1.403184
10.000000,-0.590524,0.183495,-0.327607,-1.645443,-6.758607,-0.260125,-0.816167,0.107228,-0.566740,0.150000,0.000000,0.000000,0.414059,0.187511,-0.271307,0.296594,-0.192347,0.557117,0.716426,-0.219567,-0.052648,0.045516,-0.319961,0.354615,5.147955,7.991163,-2.734854,2.511005,0.694476,11.208237,7.155947,1.493345,-10.174200,-9.586580,-12.754119,-3.320635,-0.678101,0.612391,0.450567,-0.368007,-0.700546,-0.687554,-0.725772,-0.615450,-0.711138,-0.791689,-0.773897,0.617795,0.844527,1.360124,-0.503440,0.600786,-1.366401,0.896538,0.530820,-1.346263,-0.191674,-0.467076,1.632077,-1.239718
11.000000,-0.101892,-0.346212,0.132448,4.307849,-3.788177,-0.575761,-0.901989,-0.069550,-0.516212,0.150000,0.000000,0.000000,0.414650,0.372588,-0.297767,0.333371,-0.222448,0.806189,0.977168,-0.257240,-0.177509,-0.144652,-0.653473,0.279678,-1.029368,4.065974,0.599109,1.325177,-1.580142,9.123739,7.543179,-1.729182,-9.055241,-11.915582,-0.267347,2.242307,0.705193,-0.727735,0.664327,0.607792,-0.790351,-0.607964,-0.734738,-0.746402,0.731892,0.754322,-0.796988,0.698316,0.841247,1.515615,-0.573341,0.506273,-1.278560,0.896695,0.638091,-1.355900,-0.117208,-0.517273,1.731598,-1.320209
12.000000,-0.192870,-0.468308,0.015656,5.062158,-4.994679,-0.892191,-0.814328,-0.050544,-0.394495,0.150000,0.000000,0.000000,0.443252,0.439982,-0.265328,0.302016,-0.268354,0.908901,1.052703,-0.263930,-0.386121,-0.358330,-0.617173,0.335339,0.530043,1.306276,1.252129,-0.948820,-1.111424,6.870081,5.461721,-0.457161,-6.474793,-11.732569,1.871583,5.007330,-0.740562,-0.748547,-0.198382,-0.747732,-0.780750,-0.752492,-0.719198,-0.765154,0.624236,0.609049,-0.762306,0.605565,0.792935,1.020324,-0.356171,0.135841,-1.125707,0.973004,0.267981,-1.130528,0.457529,-0.222217,1.500703,-0.777015
13.000000,-0.093324,-0.139121,0.285758,1.996635,-3.578736,-0.223736,-0.921614,-0.196348,-0.452674,0.150000,0.000000,0.000000,0.411371,0.392700,-0.270141,0.327736,-0.278709,1.097587,1.093070,-0.212681,-0.377244,-0.590581,-0.598245,0.374073,-2.398112,-0.542859,1.444364,1.052122,-0.577633,2.916796,0.375309,-0.793018,-3.361501,-8.872751,1.508420,1.275340,0.687710,-0.005649,-0.618405,-0.731150,-0.722647,-0.600689,-0.643672,-0.606941,0.707752,0.611971,-0.734498,-0.341844,0.770491,0.777315,0.077910,-0.396090,-1.212364,0.859655,0.155524,-1.073884,0.364923,-0.051876,1.637312,-0.423405
14.000000,-0.110442,0.001626,0.431709,1.464856,-3.441252,-0.348480,-1.034981,-0.200104,-0.215515,0.150000,0.000000,0.000000,0.325656,0.393503,-0.257170,0.262232,-0.259124,1.072890,1.054316,-0.196446,-0.446082,-0.621175,-0.625755,0.379523,-2.362961,1.227407,-0.626726,-1.811133,-1.535084,-0.819806,-1.214129,-0.764808,-0.623793,0.597962,-0.639278,-0.750392,-0.763850,-0.657826,0.644817,-0.771577,-0.654082,-0.782001,-0.687203,-0.783957,0.673496,0.633682,0.698703,0.641724,0.549240,0.876659,0.055144,0.078675,-1.217124,0.485695,0.452551,-1.045305,0.266911,-0.286400,1.428313,-0.677734
15.000000,0.020652,0.200927,0.439892,-1.099819,-2.148829,0.107663,-1.042816,-0.146863,-0.146582,0.150000,0.000000,0.000000,0.297767,0.366508,-0.207046,0.181886,-0.220534,1.106403,1.010668,-0.247079,-0.344304,-0.469129,-0.619961,0.458387,-2.342515,-0.753680,4.576291,-5.170822,-0.034497,-1.528022,-3.851593,-1.056903,5.539429,6.650358,2.791077,-0.624066,-0.785700,-0.676199,0.668764,-0.723085,-0.629605,-0.656070,-0.603251,-0.619134,0.774996,0.708220,0.779245,-0.734170,0.493721,0.708027,0.121800,-0.006376,-0.775299,0.675213,0.802379,-0.744175,-0.284559,-0.231952,1.330026,-0.711222
16.000000,0.120991,0.062383,0.379996,-1.943908,-0.947227,0.556922,-0.899215,-0.102647,-0.239955,0.150000,0.000000,0.000000,0.238496,0.407168,-0.129396,0.064358,-0.209388,1.036665,0.926179,-0.247502,-0.252969,-0.354709,-0.487297,0.468887,-2.408003,-1.563022,3.889409,-6.850246,0.773562,-5.070376,-5.054760,0.098243,7.400341,6.618467,4.897605,0.732472,0.733729,-0.707590,-0.712878,0.730597,-0.666394,-0.735411,-0.612159,-0.744085,0.621592,0.661223,0.633455,-0.696037,1.025224,0.793579,0.014911,-0.190309,-0.659321,0.965178,1.032736,-0.652335,-1.007881,-0.170387,1.434630,-1.283816
17.000000,0.060816,0.047693,0.418957,-2.905637,-1.303165,0.640002,-1.001660,0.015656,-0.110329,0.150000,0.000000,0.000000,0.133411,0.393917,-0.106343,0.037968,-0.198309,0.899787,0.790062,-0.238249,-0.121449,-0.239428,-0.348776,0.353434,-1.136546,-1.717268,-0.735975,-5.364831,0.648767,-9.188173,-5.970292,-0.438725,8.515465,7.999401,4.593292,-2.955240,0.626492,0.012502,-0.702506,0.654346,-0.700706,-0.633218,0.755420,-0.720735,-0.644493,-0.688476,-0.698033,-0.649846,0.987204,0.944793,-0.595241,0.052581,-0.618245,0.999049,1.093715,-0.622414,-1.107797,-0.487486,1.553190,-1.356622
18.000000,-0.113481,0.123495,0.349571,-2.221957,-1.999544,1.151842,-1.037619,0.037002,-0.239409,0.150000,0.000000,0.000000,0.238398,0.335531,-0.079658,-0.081004,-0.229232,0.682699,0.663109,-0.239945,0.045959,-0.063490,-0.270712,0.328845,2.405015,-0.056823,1.768153,-0.381738,0.122034,-8.061090,-5.640981,-1.413165,6.224073,7.051073,1.669925,-2.507526,0.795582,0.156320,0.024589,0.666890,-0.636453,0.701748,0.791366,-0.676204,-0.675383,-0.610310,-0.752819,0.233202,0.953021,1.069234,-0.931060,0.134914,-0.535967,1.196868,0.897862,-0.859490,-0.793703,-0.339666,2.114737,-1.109771
19.000000,-0.173803,0.187315,0.322888,-2.079948,-2.675028,1.214080,-1.013735,-0.107624,-0.074144,0.150000,0.000000,0.000000,0.286804,0.297331,-0.142301,-0.065968,-0.284417,0.529296,0.694714,-0.228385,0.109028,-0.030776,-0.297752,0.395902,3.699031,2.101221,1.571626,-2.687112,0.459008,-8.273150,0.203426,-0.544432,3.669905,1.497696,-1.974299,2.881243,0.608234,0.751606,-0.163425,0.165908,-0.657917,0.737405,0.739175,-0.759305,-0.693143,-0.751103,-0.789796,0.640186,1.287625,3.298951,-1.849373,1.305656,0.019563,1.063394,2.215676,-2.381082,-2.145183,-0.827493,2.089147,-1.968828
20.000000,-0.121186,0.157253,0.183704,-1.302227,-3.496372,2.738810,-0.956354,0.128479,-0.123137,0.150000,0.000000,0.000000,0.337651,0.338690,-0.103664,-0.072911,-0.255627,0.441014,0.630569,-0.193133,0.083223,0.054255,-0.337339,0.476329,3.472052,4.901770,-0.458865,1.498566,-0.666662,-4.814075,0.091988,-1.638504,-1.682004,-0.034106,-3.620285,1.019213,-0.501685,-0.407454,-0.776941,0.663553,-0.730799,0.668668,0.788507,-0.772703,-0.784952,-0.677964,-0.601104,-0.511978,1.419871,3.564332,-2.354021,1.232481,0.217628,0.745286,2.507588,-2.485845,-2.550104,-1.129681,1.813676,-1.927997
21.000000,-0.229784,0.282901,0.195071,-0.392773,-4.173661,3.016707,-1.033876,0.020481,0.100818,0.150000,0.000000,0.000000,0.426850,0.361117,-0.148397,-0.039535,-0.216725,0.467304,0.722835,-0.257829,0.086994,-0.019634,-0.444589,0.535344,-0.331939,1.517318,-1.087610,1.270941,0.449592,-1.493545,5.760497,-1.532132,-4.092417,-2.671345,-4.394027,2.042831,0.720213,0.735772,-0.626550,0.709514,-0.741802,0.602308,0.695890,0.754555,-0.730109,-0.678759,-0.616922,-0.720790,1.345548,2.244041,-1.967240,0.376729,-0.430483,0.795302,1.350036,-1.697593,-1.614071,-0.717242,2.030483,-1.418013
22.000000,-0.267562,0.283352,0.054708,0.604034,-5.330697,4.681350,-1.022709,0.208436,0.162227,0.150000,0.000000,0.000000,0.391134,0.411646,-0.168295,0.047759,-0.279254,0.479985,0.836962,-0.204359,-0.116109,-0.149768,-0.576682,0.595128,-1.532946,0.862265,-3.741663,6.626925,1.011986,0.135011,8.259749,1.154216,-5.016774,-5.950185,-9.325288,-0.107862,0.689965,0.685193,-0.761781,0.711011,-0.790663,0.645943,-0.741502,0.793648,-0.769987,-0.650527,-0.678078,-0.735987,1.496014,2.058425,-1.792842,0.616445,-0.707479,1.082121,1.094765,-1.866031,-1.161695,-0.712985,1.733277,-1.773999
23.000000,-0.160420,0.213852,0.134921,0.365862,-5.592686,3.285670,-0.888765,0.269502,0.255715,0.150000,0.000000,0.000000,0.401230,0.430157,-0.250207,0.191687,-0.267732,0.524181,0.943710,-0.092224,-0.196422,-0.271286,-0.565236,0.568716,-1.551190,-1.668673,-5.309905,8.182203,0.070014,5.141261,5.424076,6.902325,-7.983113,-7.474839,1.767596,-3.969644,0.601967,0.619062,0.789106,-0.608021,-0.662791,0.714395,-0.795459,-0.660213,-0.657079,-0.691430,-0.732069,-0.780481,1.047148,1.676714,-1.023171,0.525047,-1.173531,1.433623,0.649998,-1.636698,-0.279522,-0.394174,1.919171,-1.587775
24.000000,0.343720,0.112308,0.030718,0.216751,0.333790,-0.008485,0.081995,0.081977,-1.044547,0.150000,0.000000,0.000000,-0.123514,-0.003907,0.166327,-0.060379,-0.179530,0.042040,0.159466,-0.122159,0.106477,-0.062934,-0.147555,0.165623,-2.085373,-1.421596,0.798973,-1.005076,-1.301597,1.128554,-0.822284,-0.212919,0.615528,-0.075902,0.219409,-0.876472,0.774180,0.753004,-0.626250,0.617162,-0.666705,0.629055,0.673763,-0.799681,-0.793830,-0.783151,-0.651910,0.729232,0.000000,0.000000,0.000000,0.000000,0.000000,0.000000,0.000000,0.000000,0.000000,0.000000,0.000000,0.000000
25.000000,0.322836,0.075526,-0.198998,-1.090798,-0.494259,0.244537,0.048884,-0.049544,-1.051187,0.150000,0.000000,0.000000,-0.042145,0.027202,0.116911,-0.027205,-0.140985,0.080964,0.181855,-0.140076,0.050406,-0.063824,-0.171828,0.182220,2.346316,0.791612,-0.935843,2.924477,-2.257642,1.472755,1.555117,-2.727390,-0.881839,-3.864309,-3.510783,1.689220,0.661777,0.641483,-0.653738,0.718083,-0.667017,0.796677,0.706369,-0.636386,-0.678682,-0.678571,-0.653291,0.759605,0.726053,0.840501,-0.993468,0.547409,-0.814613,0.415664,0.559506,-0.935824,-0.326465,-0.651034,0.846074,-1.201425
26.000000,0.160913,0.291068,-0.125602,-6.271541,-1.853908,0.037419,-0.097703,0.072124,-0.937333,0.150000,0.000000,0.000000,-0.039519,0.135868,0.004799,0.017760,-0.210508,0.109717,0.259439,-0.275845,0.034921,-0.121074,-0.321667,0.251690,1.857837,6.688190,-4.958139,5.114164,-0.024953,7.022470,4.890908,0.004715,-2.131183,-4.737503,-3.584698,3.299856,-0.599470,0.738220,-0.714423,-0.666880,-0.724433,0.718212,0.765221,-0.664446,0.418638,-0.698969,-0.752067,0.726433,0.557611,0.497022,-0.663655,0.042829,-0.345511,0.329333,0.278377,-0.688072,0.199707,-0.341480,0.863563,-0.325056
27.000000,-0.045130,0.311007,-0.271479,-6.382048,-2.167868,0.248232,-0.031303,0.226957,-1.006510,0.150000,0.000000,0.000000,0.047821,0.180333,-0.124159,0.143368,-0.248060,0.254890,0.449099,-0.220841,-0.005336,-0.231031,-0.388471,0.441395,2.114302,6.281017,-8.338727,2.857964,1.471581,4.508620,7.886250,1.409264,-0.784378,-7.790824,-8.472039,7.524269,0.776159,-0.752565,-0.700499,0.797830,-0.635211,-0.722636,-0.703083,-0.702241,-0.649692,0.685175,0.671482,-0.686446,0.246979,0.347896,-0.475035,0.288006,-0.422105,0.308621,0.224523,-0.467937,0.108823,-0.297037,0.670708,-0.312349
28.000000,-0.164946,0.136549,0.065165,-4.270296,-1.077917,1.025597,-0.184345,0.211268,-0.923063,0.150000,0.000000,0.000000,0.193671,0.299613,-0.210833,0.243257,-0.227787,0.354019,0.493400,-0.244352,-0.107304,-0.420051,-0.489177,0.449521,3.790336,4.152741,-8.082539,3.765028,-0.859429,3.890929,4.913411,-0.371062,-4.021633,-6.281011,-5.074063,2.941700,-0.706936,-0.672551,0.702856,-0.746256,-0.755309,-0.635556,-0.608922,0.761279,0.689576,0.774279,0.767024,-0.728846,0.173942,0.274809,-0.287390,0.057659,-0.291684,0.342057,0.011513,-0.100241,0.033984,-0.118048,0.307479,-0.065909
29.000000,-0.130387,0.109039,0.011939,-1.891898,-0.900389,0.409622,-0.119149,0.402291,-0.856899,0.150000,0.000000,0.000000,0.198308,0.263889,-0.305478,0.242790,-0.240719,0.332107,0.596750,-0.250921,-0.180829,-0.409458,-0.588213,0.479122,-0.714271,0.024630,-4.397172,0.673536,-0.707027,0.962799,2.333571,1.806164,-0.287193,0.155680,-2.940242,1.878701,-0.612715,-0.743054,0.706312,-0.741952,0.041829,-0.633880,-0.763480,-0.691829,0.764114,0.797626,0.676302,-0.703061,0.118742,0.412624,-0.197640,0.220341,-0.644099,0.437472,0.213704,-0.265814,-0.149953,-0.237045,0.527417,-0.129022
30.000000,-0.004199,0.012993,0.068416,1.533241,-0.751835,-0.277303,-0.097872,0.223992,-0.996489,0.150000,0.000000,0.000000,0.192486,0.252464,-0.355835,0.274387,-0.222413,0.374784,0.583491,-0.156408,-0.193541,-0.473381,-0.573619,0.436286,-1.591588,-2.599403,0.012387,-2.953299,2.493848,-2.057014,-3.292825,2.191871,1.940027,1.884791,0.198972,-3.184814,-0.613198,-0.723174,0.602633,-0.789027,0.674098,-0.642355,-0.663248,0.750634,0.622732,0.664855,0.720728,-0.635953,0.231771,0.132122,-0.021286,0.082093,-0.905057,0.529096,0.722648,-0.153620,-0.492855,-0.271793,1.069034,-0.196974
31.000000,0.030613,0.012482,-0.009576,3.142507,-1.529407,-1.309600,-0.230275,0.298966,-0.987335,0.150000,0.000000,0.000000,0.160648,0.176631,-0.361608,0.213649,-0.163620,0.232172,0.485404,-0.212826,-0.137016,-0.432179,-0.488851,0.390005,-3.578361,-2.256999,3.204616,-4.179597,3.091870,-5.195927,-4.653094,-0.304193,0.104791,5.885953,3.686456,-4.600269,0.798641,0.634716,0.751630,0.148237,-0.152417,0.719888,-0.619957,-0.788433,-0.189321,0.626203,0.682137,-0.437479,-0.046805,0.049371,-0.025570,0.009617,-0.280301,0.468709,0.507665,0.272354,-0.151756,-0.217968,0.735946,0.049563
32.000000,-0.070013,-0.089391,-0.072542,2.313791,-1.278221,-1.557649,-0.237583,0.197128,-0.949031,0.150000,0.000000,0.000000,0.106539,0.100298,-0.260865,0.094646,-0.146204,0.170420,0.398608,-0.151921,-0.119343,-0.296764,-0.377944,0.335633,-0.125175,-0.007885,6.472260,-5.332778,2.533215,-4.638914,-2.987025,-0.623637,0.679292,6.811403,6.896524,-3.061793,0.662445,0.615245,0.683901,-0.712321,0.726463,-0.767242,0.773615,-0.732357,-0.614820,0.759469,0.710324,0.693562,0.163429,-0.207524,0.058872,0.133450,-0.668719,0.575882,1.078690,0.128819,-0.338512,-0.383991,1.097834,-0.011989
33.000000,-0.117069,-0.032947,-0.080572,2.392618,-1.764484,-0.662879,-0.166568,0.060394,-0.921711,0.150000,0.000000,0.000000,0.060229,0.102801,-0.202488,0.010413,-0.123179,0.093269,0.295980,-0.227691,-0.107432,-0.183384,-0.212895,0.249983,1.098944,0.409855,3.147456,-1.569736,1.675355,-5.029039,-3.039288,0.141607,-2.038752,4.644948,10.728495,-3.107700,0.728787,-0.671414,-0.732600,-0.222133,0.626977,-0.209881,0.750302,0.671823,0.791290,-0.708201,0.632016,0.205125,0.037278,0.099851,-0.139224,0.053610,-0.400295,0.737804,0.579663,0.160704,-0.171796,-0.124767,0.940787,-0.097622
34.000000,0.048555,-0.041243,-0.256580,4.494287,-1.398336,-1.615774,-0.243456,0.136821,-0.974522,0.150000,0.000000,0.000000,0.214239,0.053506,-0.125349,0.011283,-0.030753,0.084497,0.258832,-0.151679,-0.178467,-0.021989,-0.081394,0.214394,4.508847,-3.981989,-0.046031,-0.966302,4.169994,-4.228035,2.435097,1.680709,-1.420216,2.556626,8.356515,-2.042663,0.658620,0.776256,-0.755811,0.696097,-0.681856,-0.626327,0.632379,-0.735301,-0.644631,-0.500028,-0.727466,0.685385,0.149394,0.108300,-0.123597,-0.086148,-0.054721,0.588990,-0.117525,-0.079661,0.093782,0.074757,0.655802,-0.043707
35.000000,0.071347,0.099021,0.012144,-1.051283,-1.807405,0.779975,-0.316647,0.156779,-0.896678,0.150000,0.000000,0.000000,0.284399,0.087146,-0.109168,0.063612,-0.001158,0.044490,0.361169,-0.205176,-0.117271,-0.063216,-0.029347,0.284030,7.045434,-2.147206,-0.815146,0.956373,0.902106,-2.964344,3.462603,0.514441,-0.828597,0.961528,2.165492,0.674211,-0.726151,-0.624084,0.689837,-0.722909,-0.201441,0.713689,0.752906,0.749552,0.774027,-0.641244,-0.784225,0.658986,0.236629,0.044745,-0.047286,-0.053423,-0.022899,0.353742,0.071507,-0.270353,0.197311,0.130576,0.638464,-0.026314
36.000000,0.204886,0.053606,0.037608,0.020278,-0.742507,0.554950,-0.264245,0.225718,-0.852815,0.150000,0.000000,0.000000,0.295511,0.005232,-0.136131,0.028280,0.042874,-0.009932,0.393380,-0.239740,-0.153011,-0.000983,0.030746,0.328724,4.144203,1.841802,3.597046,0.454364,-0.030896,0.860158,2.813661,1.862921,3.018518,-0.457518,-1.265927,3.266022,-0.683728,0.679277,0.738453,-0.772815,-0.633011,0.725420,-0.756898,0.662846,0.731273,-0.257737,-0.616480,-0.618410,0.148534,0.259623,0.098965,-0.020737,-0.433532,0.589215,0.114079,-0.262118,0.296164,0.008526,0.967877,-0.349269
37.000000,0.120071,-0.125959,0.116673,0.451218,1.527849,0.752167,-0.284904,0.082114,-0.880703,0.150000,0.000000,0.000000,0.345412,0.039157,-0.084516,-0.050241,0.003193,0.013317,0.457616,-0.198033,-0.053849,-0.086511,0.009953,0.327249,-1.573525,-0.169049,4.765684,-2.630043,-4.477124,2.965227,0.291356,3.270661,3.809267,0.567346,0.735272,-0.656953,-0.673786,0.727783,-0.658565,0.705028,-0.746718,-0.278161,-0.764416,0.698005,0.622610,0.744217,0.135081,-0.665181,0.059653,0.144553,0.274344,-0.193118,-0.120425,0.420931,0.066585,-0.148938,0.095026,0.002528,0.595191,-0.152185
38.000000,0.194651,-0.050961,-0.037772,2.961346,2.152883,-0.293986,-0.175395,0.059532,-1.010036,0.150000,0.000000,0.000000,0.353779,0.093043,-0.009769,-0.047007,-0.056099,-0.041191,0.385864,-0.127125,0.002722,-0.036589,0.013100,0.259903,-2.503878,0.411691,0.940000,1.951720,-4.040806,3.037027,-0.689374,1.239944,3.134275,-0.410202,-1.053578,-3.498701,-0.663945,-0.678963,-0.624000,0.047660,0.725593,0.696860,0.631921,-0.679438,-0.413961,0.737408,-0.609715,0.788272,-0.043086,-0.057631,0.221211,-0.159564,-0.055446,0.199697,0.151004,0.030219,-0.066017,-0.042812,0.427508,0.021249
39.000000,0.154944,-0.151899,-0.058151,3.646330,2.473408,-0.142800,-0.311180,0.038061,-0.987659,0.150000,0.000000,0.000000,0.293426,0.056246,0.007320,-0.032213,-0.085015,0.099491,0.399334,-0.114873,0.046911,0.044892,-0.082901,0.197736,-4.272894,-0.386138,-1.588889,-0.036056,-2.299117,0.518036,-1.898119,1.236349,0.412245,1.097819,-2.180520,-2.957276,-0.667231,-0.626662,0.162320,-0.736520,0.700533,-0.790557,-0.673254,0.022890,-0.616286,0.635518,0.749679,0.190145,-0.016381,-0.088176,-0.070887,-0.058841,-0.013229,0.193978,0.095580,0.049429,0.101897,-0.036900,0.438171,0.151309
40.000000,0.122112,-0.189171,-0.082575,2.167022,2.857761,-0.587990,-0.209793,0.084381,-1.074559,0.150000,0.000000,0.000000,0.143828,0.066077,-0.013567,-0.027147,-0.047367,0.053172,0.329605,-0.063870,0.098985,0.020918,-0.077929,0.254934,-3.207824,-2.496168,-2.596138,-2.257381,1.561927,0.787712,-2.564252,0.130162,-3.223062,2.653796,-0.945386,-2.102797,0.781002,-0.740743,0.155961,0.615314,0.614411,-0.707568,-0.784571,-0.110952,-0.679044,-0.651508,0.706360,-0.707896,-0.003346,0.088216,-0.017334,0.028771,0.027521,0.247643,0.058824,-0.023817,0.135303,-0.067050,0.377420,0.146469
41.000000,0.265985,0.041869,-0.023457,0.143901,2.763579,-0.183063,-0.131819,-0.066642,-1.010371,0.150000,0.000000,0.000000,0.156612,-0.015953,-0.003466,-0.089616,0.012164,0.012400,0.271041,-0.060280,0.000306,0.118850,-0.054521,0.202998,-3.828856,-0.272580,1.615129,-0.825281,0.383879,-4.183253,-2.243472,0.506551,-1.305870,-0.183370,1.997832,-4.202170,0.347233,0.160606,0.013071,0.743691,-0.418297,0.275687,0.722809,-0.269861,0.726445,-0.777353,0.732662,0.457488,-0.000792,0.182178,-0.092320,0.112254,0.068230,0.154488,0.069197,0.071118,0.155091,-0.107370,0.357084,0.290998
42.000000,0.221115,-0.030308,-0.121547,0.320138,3.246415,-0.019272,-0.119259,-0.101817,-1.038098,0.150000,0.000000,0.000000,0.077455,-0.012934,-0.066377,-0.062202,-0.023006,-0.019189,0.257749,-0.041301,0.022727,0.086536,-0.002896,0.165986,-2.376884,1.257630,0.122556,2.166600,0.062215,1.489674,-3.723380,2.129264,-1.060620,-2.365133,3.963306,1.315681,0.137980,0.141936,0.184070,0.125205,-0.763222,0.679968,0.326226,-0.085592,0.773621,0.425303,-0.353749,0.250688,0.041944,-0.098725,-0.180545,0.185266,0.242246,0.197838,0.041967,0.088521,0.090948,-0.153467,0.178781,0.069428
43.000000,0.132805,0.142449,0.163363,-0.650782,1.458196,-0.453177,0.067882,0.062711,-0.970368,0.150000,0.000000,0.000000,0.041443,0.002123,-0.012375,0.048802,0.035554,-0.022613,0.170835,0.029596,0.040490,0.023713,0.079612,0.082284,-0.454193,1.118368,-2.396566,0.774274,1.631691,2.904051,-1.477970,2.448178,2.644878,-2.615128,4.322208,-1.297785,-0.500398,0.081814,0.243706,0.661691,0.750172,0.655727,0.251482,-0.198410,0.324560,0.359136,0.753026,-0.765945,0.131780,-0.226017,-0.200389,0.124386,0.278706,0.245143,0.081887,0.199260,0.043659,-0.146004,0.108816,0.028936
44.000000,0.141765,0.035412,0.060159,-1.684878,1.286413,-0.793572,-0.053274,0.065926,-1.009562,0.150000,0.000000,0.000000,0.054561,-0.022923,-0.068184,0.086802,0.045217,0.084532,0.206248,0.006464,0.061848,-0.034017,0.059933,0.079359,-0.171453,2.354934,-1.250794,2.553634,0.629823,0.928973,-3.448125,3.312662,-0.105762,-1.813254,2.136970,0.776295,-0.061209,0.141728,-0.435974,0.651000,-0.150600,-0.698747,-0.633926,0.617250,-0.762996,-0.777521,-0.745371,0.707328,0.181286,-0.211449,-0.357047,0.095256,0.288434,0.082076,0.080484,0.451111,0.227266,-0.150424,0.020423,0.051722
45.000000,0.273795,0.160122,-0.038068,-1.294816,0.696466,-0.218952,-0.058409,-0.026468,-0.923848,0.150000,0.000000,0.000000,0.037183,0.036537,-0.040323,0.035353,0.036674,-0.002989,0.121855,0.027395,0.058518,-0.088183,0.079835,0.151661,-1.572771,2.599302,1.559584,2.451167,2.925808,-3.610525,-3.735397,2.556273,-1.372762,-3.266157,-2.528902,0.896888,0.696474,0.709187,0.052132,-0.721833,0.604467,-0.764870,-0.797888,0.090916,-0.653050,0.382835,-0.686390,0.780731,0.102480,0.052637,-0.041568,-0.121509,0.014619,-0.101527,0.028497,0.275841,0.020265,0.097927,0.102901,0.142257
46.000000,0.240502,0.168451,0.031830,0.024595,0.204961,0.466570,-0.020361,0.105418,-0.989099,0.150000,0.000000,0.000000,0.025996,0.039012,-0.027219,0.038873,0.040527,-0.029454,0.068952,0.099683,0.084623,-0.089881,0.073768,0.125863,-0.599346,1.806955,1.119934,0.356328,1.763058,-3.811150,-1.415496,-0.055449,1.486217,-3.024284,-2.786538,0.414777,0.044175,-0.086922,0.103784,-0.033526,0.678463,0.355820,-0.707538,-0.325494,0.791487,-0.738229,0.643902,-0.636032,0.026699,0.187434,-0.066946,-0.245350,-0.176527,-0.299686,0.133888,0.126777,0.096745,0.121306,0.031527,0.122261
47.000000,0.202582,0.114096,-0.001809,0.721957,1.049766,-1.097860,0.018941,0.096462,-0.984798,0.150000,0.000000,0.000000,-0.004024,0.072380,-0.027985,0.070667,0.120121,-0.026157,0.080479,0.100272,0.019097,-0.149143,0.071873,0.103122,-0.653306,0.645199,2.611030,-2.380768,1.556149,-0.606448,-0.880384,1.362954,-0.064337,-0.012412,1.683192,-2.474625,-0.358741,-0.796635,0.602323,-0.618047,-0.608774,0.629136,0.724319,-0.748624,-0.662486,0.636362,0.752769,-0.705004,0.119305,0.070065,-0.168836,-0.185820,-0.198848,-0.227393,0.162187,0.087173,0.130929,0.057873,0.157109,0.177021
48.000000,0.117011,0.157002,-0.061650,0.456604,0.989947,-0.466114,-0.036490,0.089266,-0.937490,0.150000,0.000000,0.000000,0.048472,0.067065,-0.037526,-0.051505,0.134846,-0.022857,0.009408,0.103414,0.052028,-0.149510,0.016212,0.017671,-0.082598,-2.604011,4.428613,-4.346255,-1.339650,2.381756,0.353306,-1.259961,-2.184515,1.050214,1.610203,-4.425241,0.641639,-0.612603,0.604549,-0.640556,-0.761980,0.694447,-0.669563,-0.739460,0.633858,0.720123,-0.111537,-0.715574,0.003712,0.366147,-0.131940,-0.160628,-0.294043,-0.209954,0.147095,0.012932,-0.035529,0.098535,0.391752,0.141502
49.000000,0.124731,0.046482,-0.030711,-0.282794,0.271448,-0.847967,0.036599,-0.035153,-0.960211,0.150000,0.000000,0.000000,0.072869,-0.009108,-0.023089,-0.056000,0.151695,0.039764,0.066571,0.002170,-0.003293,-0.098271,0.027905,-0.073334,0.114769,-0.619376,1.301211,-1.055681,-3.533351,0.416118,0.041378,-4.544775,2.572309,-0.258876,-0.245513,-0.848634,-0.009736,0.625043,-0.655805,0.660655,-0.627863,-0.761221,0.668573,0.740035,0.648446,-0.748553,0.762675,0.611285,0.002896,0.148719,-0.159713,-0.079316,-0.179188,0.042202,-0.066641,0.201241,-0.083022,0.037754,0.339594,-0.023280
50.000000,0.047021,0.057801,-0.049144,0.212571,-0.017470,0.513377,0.034699,0.056438,-1.026407,0.150000,0.000000,0.000000,0.058319,0.051364,0.029918,-0.077675,0.107674,-0.004434,0.014984,0.000229,0.101955,-0.117014,0.065759,-0.139573,1.649584,1.525533,1.838871,-0.037224,-3.907799,0.323800,0.198205,-2.181975,-2.063141,1.599012,0.957854,0.415542,-0.032865,-0.688335,0.798584,0.742794,-0.703542,0.663131,0.762882,-0.634613,-0.689407,0.658371,-0.631560,0.291605,0.210496,0.025186,-0.418500,-0.071084,0.116018,0.043033,-0.011217,0.197881,0.160735,-0.040877,0.291855,0.088333
51.000000,0.155452,0.006727,-0.079464,-0.275708,-0.568106,0.572056,0.012906,0.006449,-0.957440,0.150000,0.000000,0.000000,0.084818,0.040590,0.035918,-0.072071,-0.000093,0.072586,0.083447,-0.057897,0.002088,-0.118453,0.037913,-0.120376,-1.586549,-0.590833,0.338307,3.301710,0.902629,2.160647,2.954751,-3.075653,-3.745384,-0.475116,0.520884,-1.656743,-0.790265,0.033636,-0.670479,0.725453,0.605955,-0.746775,-0.636776,0.782517,-0.525628,-0.483931,-0.617314,0.635132,0.181454,-0.169907,-0.349755,0.067279,0.113869,0.167619,0.049637,0.274315,0.063781,-0.136655,0.181760,-0.016971
52.000000,0.044589,0.086842,-0.106098,0.971561,0.307794,0.391110,-0.006572,0.048243,-0.930745,0.150000,0.000000,0.000000,0.016480,0.035334,0.063809,-0.030474,0.068962,0.117847,0.151882,-0.102022,0.025303,-0.033409,0.073848,-0.042947,-0.982788,-0.668761,-1.874837,3.136401,0.488512,0.577258,0.077556,0.911145,0.090686,0.884197,0.136696,1.165712,0.681325,0.720193,-0.750274,-0.305473,0.005433,-0.601516,-0.689364,0.655864,0.647844,-0.785137,0.625401,0.249520,0.167570,-0.237741,-0.166409,0.098291,0.141350,0.069886,0.003436,0.318976,0.059609,-0.063081,0.067922,-0.012485
53.000000,0.140144,-0.034184,0.155767,0.412330,-0.757413,0.130096,0.120867,-0.049284,-0.953454,0.150000,0.000000,0.000000,0.022004,0.013413,0.008802,-0.016855,0.032653,0.107619,0.169607,-0.066996,-0.008381,-0.088450,0.033250,-0.026540,-0.257777,2.623954,-2.480366,1.537096,2.373985,-0.994768,-1.768834,1.373330,1.828620,-2.051898,-1.150172,3.075578,0.572825,-0.631234,-0.680444,0.745963,0.784928,-0.683160,-0.742675,0.560160,-0.154345,0.786399,-0.659140,0.623091,0.167193,-0.219221,-0.142097,0.046038,0.245946,0.013354,-0.043017,0.469043,0.186671,0.002223,0.135000,0.044013
54.000000,0.095294,-0.063036,0.082104,-0.211842,-0.978886,-0.392570,-0.094131,0.048728,-1.056092,0.150000,0.000000,0.000000,-0.017615,0.081941,-0.077009,-0.005422,0.119015,-0.038723,0.139420,-0.038529,0.015326,-0.168081,-0.040353,0.009970,0.862811,2.529407,1.017058,1.336184,0.242448,-5.295636,-1.495607,2.032960,1.837004,-0.429360,1.053847,1.936937,-0.397671,-0.165107,0.616751,-0.573091,-0.221159,0.480085,-0.711856,-0.364691,-0.006402,0.623432,0.199591,-0.729080,0.035785,-0.061892,0.237157,0.020481,0.103834,-0.339216,0.087309,0.304203,0.087768,0.116421,0.142058,0.204570
55.000000,0.185591,0.059724,0.099163,1.069085,-0.116626,-0.921664,0.014690,0.088810,-1.046364,0.150000,0.000000,0.000000,-0.023783,0.055138,-0.009322,0.069662,0.156463,-0.019156,0.078380,0.080496,0.036371,-0.113893,-0.022002,0.017994,-1.733052,0.180537,-0.821219,-0.834153,1.186163,-3.597785,-0.897571,1.622650,1.877657,1.236169,2.234284,-0.721625,0.100447,-0.080784,0.607154,-0.640882,0.798851,0.184952,0.680616,0.681270,0.749332,-0.327275,0.525732,0.173639,-0.030145,-0.011853,0.117909,-0.191175,-0.118165,-0.394749,0.157998,0.055222,0.076366,0.076344,0.049328,0.174250
56.000000,0.156974,-0.137756,0.005017,-1.329684,0.018813,-0.429042,-0.076426,0.048447,-1.090783,0.150000,0.000000,0.000000,-0.012159,0.041771,-0.045095,-0.025963,0.163226,-0.095427,0.119448,0.092709,0.041423,-0.120976,0.009806,0.035623,-1.521389,0.655550,0.005655,-0.748682,2.794203,-0.752226,-1.882299,2.191257,-1.118237,3.563691,0.677854,-1.112960,0.692995,-0.626556,0.624091,-0.031527,-0.621031,0.794031,-0.027225,-0.794977,-0.780311,0.745933,0.704044,-0.704723,0.034697,0.013056,-0.056802,-0.153313,-0.185451,-0.326125,0.206295,0.070203,0.069725,0.035431,0.268603,0.238338
57.000000,0.173662,-0.023198,-0.005492,-1.135864,0.724920,-0.449276,0.069518,-0.059883,-0.914007,0.150000,0.000000,0.000000,0.069404,0.071714,-0.018018,0.010134,0.211755,-0.060855,0.032181,0.099839,0.042528,-0.043428,0.067584,-0.083172,2.613201,-3.199615,0.879356,-2.301953,-0.907785,-0.230357,1.014212,-0.479828,-0.717226,1.901391,1.396756,-5.653438,0.519492,-0.531735,-0.665157,-0.624932,-0.603193,-0.131999,-0.618994,-0.619839,0.111367,-0.662571,-0.627852,-0.784394,-0.134058,0.297534,0.030862,-0.085749,-0.341802,-0.166239,0.212363,-0.002837,-0.117743,-0.015830,0.320472,0.082921
58.000000,0.125320,-0.083684,0.078743,0.845921,0.314487,-0.091887,0.073607,0.070149,-1.082537,0.150000,0.000000,0.000000,0.042480,0.018366,-0.010736,-0.004852,0.085845,-0.074577,0.020035,0.013399,0.024726,-0.037511,0.100541,-0.075827,0.916229,-0.727010,1.017790,-4.773555,-4.777559,-0.379030,-0.600967,-2.214911,-1.587720,1.264258,1.429967,-0.831463,0.707208,0.694333,-0.617341,0.654916,0.793098,-0.067548,0.786569,-0.781269,-0.001301,-0.742533,0.709089,0.716068,0.067515,0.252469,-0.062076,-0.108942,-0.101373,-0.095936,0.066589,0.041663,0.060988,0.060287,0.386318,0.137036
59.000000,0.210623,-0.011032,0.034817,-0.337727,-0.317025,-0.669949,0.107746,0.049592,-1.024854,0.150000,0.000000,0.000000,0.086011,0.036338,0.039310,-0.078193,0.081207,-0.059949,0.024913,-0.049645,0.046580,0.019541,0.077074,-0.102729,0.512463,0.076614,-1.690186,-0.445833,-3.839120,-0.225218,1.864697,-1.652152,0.008933,-1.519467,1.911565,0.233035,-0.193493,-0.798430,-0.739409,0.695715,-0.789792,0.655532,0.772730,-0.734780,-0.737330,0.649642,-0.650893,0.722352,0.161887,0.105054,-0.348347,0.012263,0.042698,0.201123,-0.119960,0.036414,0.132722,0.065154,0.377916,0.046887
60.000000,0.219554,0.015662,-0.082513,-0.107382,-0.273619,-0.226606,-0.089747,-0.085348,-1.092305,0.150000,0.000000,0.000000,0.110378,0.004112,-0.016758,-0.093267,0.012205,0.019779,0.087519,-0.140460,-0.042377,0.033045,0.096416,-0.138755,0.940831,-2.804867,1.608013,1.049694,-1.551188,1.486859,2.324597,-0.597689,-1.927284,0.116246,-0.161481,3.771236,-0.706077,0.620955,0.696434,-0.614139,0.673615,-0.681960,0.713111,0.715802,0.633733,-0.688030,0.630839,0.649891,0.247280,-0.183509,-0.365181,-0.035055,0.044768,0.104141,0.091850,0.143523,0.178033,-0.238112,0.190181,-0.036047
61.000000,0.086912,-0.019603,-0.091748,-1.171595,-0.164618,0.435654,-0.046524,0.003497,-0.990848,0.150000,0.000000,0.000000,0.082203,0.039640,0.049482,-0.078468,0.043749,0.127257,0.170413,-0.065389,-0.053593,0.019908,0.067076,-0.039603,-3.194861,2.378494,0.636060,0.908311,1.424951,-0.670453,0.629465,0.159699,1.171058,-2.440268,-0.180799,2.826574,-0.798617,0.633396,-0.227562,0.763914,0.143033,-0.761543,-0.274507,0.789226,0.707277,-0.681374,-0.798495,0.774615,0.161383,-0.216238,-0.204313,-0.018922,0.083973,0.113496,0.104038,0.232618,0.028886,-0.152804,0.079104,-0.039451
62.000000,0.191481,-0.068600,0.089024,1.921545,0.624592,-1.160165,-0.082652,-0.025805,-0.945423,0.150000,0.000000,0.000000,0.020676,0.046638,-0.000621,-0.012261,-0.008742,0.045782,0.151122,-0.110850,0.054131,-0.060408,0.026190,0.020598,-0.728724,4.138967,0.112407,-0.044138,0.843367,-1.437218,-0.987496,1.293179,1.710719,-4.166639,-1.093710,3.096340,0.710254,0.642690,-0.692078,-0.743159,0.768249,-0.605139,-0.663513,-0.359413,-0.195060,0.513001,-0.797710,-0.671088,0.023123,-0.188402,0.001900,0.038285,0.194329,-0.048655,0.085438,0.340725,0.068064,-0.055292,0.180662,0.037717
63.000000,0.128866,-0.042320,0.060265,0.544298,-0.480828,0.171538,0.065166,0.058267,-1.069400,0.150000,0.000000,0.000000,0.021778,0.051055,-0.059435,-0.063085,0.041437,0.011192,0.137339,0.021960,0.097360,-0.161473,-0.029141,0.057838,1.146071,-0.454312,-3.208061,1.946228,1.792987,-3.185554,-1.914062,2.727644,0.013929,-1.220096,-2.317122,0.254771,0.621093,-0.699168,-0.473099,-0.042851,0.798276,-0.215178,-0.630670,-0.264182,-0.626743,0.680244,0.281568,-0.298190,-0.048939,0.006264,0.258477,-0.044662,0.125140,-0.261585,0.041518,0.113710,0.078174,0.087096,0.178867,0.144810
64.000000,0.108142,-0.043757,0.069157,-0.447360,-0.554643,-0.414111,-0.069234,-0.029070,-0.929503,0.150000,0.000000,0.000000,-0.008203,0.064559,-0.049506,0.014428,0.038883,-0.077055,0.104431,0.019399,0.046006,-0.089457,-0.011605,0.078812,-0.836973,0.002012,0.308906,-0.911133,4.274648,-2.224115,-2.986619,1.426135,1.217838,2.321061,-0.194779,0.317834,-0.057469,-0.699979,0.606942,0.651006,0.776285,0.284271,0.637851,0.670914,0.562932,0.762594,0.647704,-0.780882,0.017750,0.081261,-0.009449,-0.157631,-0.051544,-0.355721,0.075265,0.136877,0.097526,-0.003580,0.114535,0.171355
65.000000,0.115798,-0.153110,0.054776,-1.724506,0.338598,0.650002,-0.013007,-0.052675,-0.913085,0.150000,0.000000,0.000000,0.048874,0.026003,-0.038940,0.016185,0.127071,-0.083452,0.135481,0.071560,-0.000168,-0.114947,0.013392,0.034279,-1.318224,-2.059669,1.246284,-1.765162,0.083992,-2.040103,0.526855,0.291274,-0.863351,5.228615,0.959394,-0.904230,-0.210475,-0.747732,0.620386,-0.616718,-0.672826,0.688324,0.036144,-0.705390,0.024010,0.675756,0.780222,-0.783114,-0.062192,0.120040,0.036169,-0.165641,-0.281852,-0.212319,0.190187,0.000574,-0.063716,0.055344,0.188716,0.145307
66.000000,0.118015,0.012230,0.212115,0.581999,-0.297602,-0.527125,-0.005983,0.101536,-0.988980,0.150000,0.000000,0.000000,0.044580,0.051179,0.041847,-0.031800,0.087131,0.001631,0.065059,0.009066,0.077341,0.044012,0.055578,-0.093295,1.555470,-1.667818,2.415776,-3.236083,-3.422554,3.838895,1.240754,-0.353621,2.134312,4.021072,3.079791,-4.943562,-0.004765,0.632354,-0.796936,-0.643285,-0.669618,0.691391,-0.665677,-0.652956,-0.037444,-0.735326,-0.140986,-0.750787,-0.062202,0.255091,0.068696,-0.063067,-0.296846,-0.172283,0.211635,-0.074208,-0.038320,0.011188,0.385969,0.196522
67.000000,0.175506,0.049263,0.053740,0.064667,-0.111092,-0.721962,-0.037424,0.050181,-1.062102,0.150000,0.000000,0.000000,0.018247,0.037628,0.040214,-0.047014,0.104553,0.002649,0.090341,-0.000668,0.032875,0.068968,0.105430,-0.109149,-1.269993,-0.786574,-1.671979,-2.627660,-2.657295,0.259270,0.756675,-1.050070,0.774809,-0.855599,0.397734,-0.744972,0.787022,-0.781186,0.767025,0.425037,-0.670722,0.340308,0.678042,-0.609007,-0.659737,-0.785144,-0.730381,0.620943,0.124602,0.239452,-0.322352,0.046135,-0.063938,0.319797,-0.128373,0.128663,0.137371,-0.014953,0.364203,0.037952
68.000000,0.103306,0.044487,-0.070735,0.313273,0.086212,0.408882,0.021922,-0.015083,-1.020444,0.150000,0.000000,0.000000,0.017457,0.037093,-0.025968,-0.049587,0.064346,0.046936,0.113045,-0.001820,-0.013742,0.059095,0.081334,-0.073652,1.384542,0.225894,-0.252193,0.058382,-3.591712,0.591306,-0.954392,-1.608721,-1.792277,-1.902332,-1.344078,1.637265,-0.176289,0.122316,-0.693599,0.665551,-0.796969,0.734506,0.618620,0.537850,0.602381,0.713981,0.700374,0.788433,0.264509,-0.031184,-0.462677,0.022204,-0.006839,0.257228,-0.073490,0.119426,0.143664,-0.157969,0.319915,-0.027443
69.000000,0.146211,-0.044854,-0.058795,-0.322802,-0.058446,0.375893,0.093280,0.025831,-1.022048,0.150000,0.000000,0.000000,0.105093,-0.015556,-0.032302,-0.037071,0.040428,0.112899,0.158530,-0.046767,0.043025,0.011636,0.072918,-0.111252,-0.738096,0.169284,-0.859579,1.759550,0.054873,3.281359,4.065085,-1.662675,1.698092,-2.115380,0.752966,2.814715,-0.738546,0.689963,-0.504684,0.612466,0.704580,-0.450624,-0.625447,0.729474,0.710386,-0.655445,-0.641498,0.762714,0.202100,-0.209892,-0.296354,0.035272,0.075536,0.202510,0.030196,0.177736,0.052430,-0.224939,0.119865,-0.088054
70.000000,0.063898,0.077174,-0.168883,-0.398751,0.537421,-0.727004,0.095918,-0.001924,-0.921757,0.150000,0.000000,0.000000,0.077327,-0.020370,0.000708,-0.003926,-0.035837,0.063766,0.170963,-0.041540,-0.021668,0.027079,0.062209,-0.012142,-3.912687,1.622451,0.887824,1.293898,2.781646,1.977713,0.278433,2.530185,0.024693,-2.051984,-3.478230,5.400210,-0.649207,0.704455,-0.668485,-0.695631,0.524384,-0.610760,-0.792019,0.661813,-0.383526,-0.748144,-0.690798,0.643285,0.211253,-0.336170,-0.250573,0.048451,0.199726,0.129365,0.020970,0.446772,0.137838,-0.078118,0.062110,-0.050333
71.000000,0.264801,-0.056020,0.042037,0.535289,-0.907530,-0.259548,0.041241,0.081003,-1.096465,0.150000,0.000000,0.000000,0.039445,0.017849,-0.089019,-0.005352,0.081163,0.104376,0.140595,-0.036147,0.079714,-0.146115,0.054008,-0.003092,0.170855,0.449713,-2.057149,1.315514,-0.280059,-2.635223,1.248243,0.978291,-1.094772,-5.040584,-3.922275,2.146517,0.695517,-0.655769,-0.718372,0.137940,0.719522,-0.754434,-0.653687,0.733392,-0.722028,0.763846,-0.774649,-0.644436,0.166915,-0.143797,-0.145348,0.009437,0.227939,0.104730,-0.119468,0.268008,0.029773,0.030877,0.135540,-0.009612
72.000000,0.156028,0.024262,-0.011855,0.275208,-0.492447,-0.054396,0.028023,-0.050664,-0.931971,0.150000,0.000000,0.000000,-0.012441,0.116997,-0.099924,-0.031256,0.055745,0.019702,0.144574,-0.037221,0.020919,-0.155049,-0.034406,0.040498,-0.872424,1.679883,-1.318449,0.453128,-0.205477,-6.271396,-2.733129,3.655848,0.982319,-0.003784,-1.766240,-0.354037,-0.067974,-0.114609,0.653924,0.070330,0.743325,-0.716412,-0.672089,0.777279,0.799621,0.774353,0.631840,-0.691162,0.096594,0.022604,0.021341,-0.135958,0.129471,-0.306073,-0.030035,0.267060,0.154723,0.106735,0.038232,0.227483
73.000000,0.177383,-0.118524,-0.029853,0.799017,-0.881466,-0.334343,-0.103462,-0.054207,-1.094831,0.150000,0.000000,0.000000,0.009681,0.103839,-0.114924,0.018992,0.137307,-0.124902,0.106598,0.010671,0.088137,-0.152285,0.004538,0.079662,-0.985434,0.224717,2.585979,-2.267466,4.930255,-1.909491,-0.275600,2.327077,1.977881,1.674132,0.716582,-1.358677,-0.767892,-0.752944,0.621597,-0.705554,-0.673670,0.735329,0.718604,-0.502286,-0.741631,0.631969,0.624001,-0.244472,0.012717,0.010260,0.121135,-0.129799,-0.049903,-0.410785,0.108785,0.013962,0.044712,0.067536,0.007931,0.206266
74.000000,0.207068,-0.067743,-0.076445,-1.093687,1.158051,0.306442,0.061946,0.004707,-1.063436,0.150000,0.000000,0.000000,0.020593,0.125643,-0.045151,-0.021357,0.207960,-0.105291,0.071667,0.086157,0.031212,-0.082865,-0.057721,0.080507,-0.104704,0.637216,1.322903,-1.673911,0.628328,2.086920,0.808176,0.973021,0.515373,2.322677,2.247729,-1.919999,0.756080,-0.640252,0.792522,-0.685405,-0.650887,0.640438,-0.719372,-0.616382,0.738929,0.796574,0.748228,-0.669056,0.009525,0.020477,-0.042775,-0.112024,-0.207996,-0.259510,0.313421,0.060805,0.040598,-0.045512,0.219623,0.215933
75.000000,0.091576,-0.003126,0.049256,-0.550716,1.554445,-0.244245,-0.086438,-0.080258,-1.026797,0.150000,0.000000,0.000000,0.022766,0.052196,-0.010446,-0.031832,0.173316,-0.072040,0.062011,0.112133,0.015969,-0.080885,0.052859,0.033951,-0.737081,0.138629,3.042167,-1.141819,0.001492,2.073772,-1.418904,-1.525392,2.185063,1.569680,3.368678,-1.647852,0.609183,-0.789581,-0.618415,0.659077,-0.669655,-0.366474,0.041018,-0.773682,-0.715867,0.693378,0.159335,-0.758297,0.058587,0.323866,0.151172,-0.153555,-0.237187,-0.241001,0.172594,-0.078801,0.010383,-0.045125,0.241349,0.077331
76.000000,0.289768,0.021124,0.016075,1.166664,0.483531,-0.022788,-0.067943,-0.088923,-1.030608,0.150000,0.000000,0.000000,0.005584,0.079223,0.034918,-0.089490,0.082532,0.014788,0.061003,0.023866,0.040952,-0.031524,0.094672,-0.052816,1.659166,-2.456991,0.259741,0.354195,-3.691242,0.696885,-1.384669,-2.145192,-2.150826,1.238719,3.289186,-2.586932,0.748203,-0.604629,-0.707628,0.540143,0.742041,0.390067,0.771502,-0.711090,0.075362,-0.702008,-0.190811,0.658936,-0.028216,0.299080,-0.082495,-0.065114,-0.141398,-0.043045,0.090900,0.004364,0.036579,0.061499,0.402953,0.244558
77.000000,0.260681,0.080857,0.065240,0.225612,-0.085258,0.128484,-0.051224,0.022805,-0.987169,0.150000,0.000000,0.000000,0.068823,0.023188,0.016348,-0.058940,0.011938,-0.002381,0.015213,-0.005733,0.016146,0.015150,0.097500,-0.153894,0.748793,0.237278,-2.366767,0.409021,-1.378348,1.075547,2.681959,-2.212295,-1.294099,0.037769,-0.884591,-3.484727,-0.742823,0.725560,0.166681,-0.685782,-0.703189,0.620023,0.736293,0.467779,-0.446366,0.751234,-0.634296,0.722106,0.293155,0.117823,-0.391848,-0.003375,0.118269,-0.083365,-0.032346,0.014562,0.214627,-0.020244,0.250493,0.126032
78.000000,0.171586,0.070232,-0.050816,-0.062007,-0.261129,-0.721541,0.045792,-0.085960,-0.963519,0.150000,0.000000,0.000000,0.071570,0.005969,-0.016929,-0.097418,-0.017913,0.017904,0.063716,-0.083651,0.031449,0.037804,0.019998,-0.141844,-1.554831,-1.364681,-1.966410,0.674839,0.003015,2.026232,1.144288,-2.798441,1.542297,2.871677,-0.770818,-0.203722,-0.627629,-0.685200,0.769820,0.640427,0.687449,-0.454724,0.678558,0.733486,0.605026,-0.765451,0.647879,0.645507,0.201223,-0.145255,-0.282604,0.022160,0.085548,0.069974,0.044477,0.141073,0.088334,-0.203506,0.138049,-0.069758
79.000000,0.137795,0.034814,-0.089217,-1.879587,-0.363595,-0.270369,0.094693,-0.038382,-0.967753,0.150000,0.000000,0.000000,0.063329,-0.012039,-0.014955,-0.088183,-0.014773,0.057592,0.126552,-0.072626,0.050107,-0.016953,0.092721,-0.076263,0.328742,-1.055821,1.439969,2.350701,0.235286,1.931429,2.721518,0.370437,1.933425,-2.094835,0.995768,1.100430,-0.729669,0.663506,-0.789151,0.684629,0.030109,-0.637080,-0.688131,0.623153,0.709836,-0.626579,-0.697058,-0.791711,0.191401,-0.278660,-0.236968,0.103253,0.110053,-0.017525,0.046620,0.326902,0.075868,-0.085585,0.049735,0.008175
80.000000,0.088562,0.014074,-0.037363,1.098837,0.895370,-0.245419,0.062812,-0.019849,-0.931604,0.150000,0.000000,0.000000,0.046992,0.042232,0.008628,0.023896,0.028235,0.109468,0.125261,-0.016497,0.034710,-0.059101,0.117132,-0.036676,0.717825,3.492871,-1.127850,1.811328,-0.606225,-0.092112,-2.210840,3.289243,1.072207,-2.317814,0.907114,3.494843,0.668194,-0.389625,-0.695240,0.208920,0.729850,-0.727658,-0.600318,-0.572316,-0.611945,0.601130,-0.644745,0.716519,0.144008,-0.222259,-0.157459,-0.044337,0.292498,0.015407,0.104207,0.303812,0.123916,0.009048,0.144309,0.095599
81.000000,0.234717,0.060898,-0.023867,-1.015130,-0.006013,-0.301138,0.117212,0.027756,-1.096989,0.150000,0.000000,0.000000,0.063955,0.053328,-0.010115,-0.040822,0.026667,0.076694,0.105168,-0.000420,0.009741,-0.121437,0.057686,-0.025940,1.651291,1.181906,-1.707390,2.208803,0.953946,-5.219962,-1.541040,0.955173,-1.530241,-1.908046,-4.121829,0.379067,-0.113888,-0.066304,0.725851,0.634190,0.750400,-0.780006,-0.790322,-0.163832,0.069191,0.635390,0.777067,-0.780247,0.054915,-0.032811,0.061612,-0.037548,0.117350,-0.195443,0.040521,0.277805,0.120455,0.040743,0.178345,0.195618
82.000000,0.123798,-0.043907,-0.031072,-0.716388,-0.234510,-0.732750,0.067015,0.056725,-1.073885,0.150000,0.000000,0.000000,0.052227,0.085228,-0.059924,0.001355,0.082006,-0.009714,0.020933,0.030373,0.034974,-0.089194,0.027857,-0.036747,-1.519503,-1.324079,-0.426875,-0.298049,1.162032,-1.799911,-0.799439,3.031489,-0.825315,1.318497,-0.176517,-0.032685,0.761140,-0.718352,0.646621,-0.678265,-0.772282,0.647032,0.634821,0.725802,0.610422,0.624531,0.782664,0.726011,0.085116,0.098105,-0.071224,-0.143272,-0.048233,-0.360031,0.083179,0.092217,0.091713,0.022435,0.124698,0.172827
83.000000,0.181985,-0.084930,-0.104301,0.803928,-0.302726,0.280934,-0.066474,-0.033724,-0.908707,0.150000,0.000000,0.000000,0.057757,0.095040,-0.070691,-0.024918,0.112928,-0.055132,0.057941,0.120024,0.005530,-0.085119,0.035499,-0.015339,-0.790387,-2.307414,1.053033,-2.860629,1.239185,-0.966278,0.114111,1.623202,1.128447,3.064270,2.269711,0.061949,-0.676820,-0.730787,-0.033187,-0.681660,-0.739897,0.627821,0.707204,-0.707095,-0.102075,0.764466,0.693299,-0.646361,0.011621,0.227593,-0.027398,-0.140553,-0.312547,-0.295386,0.208962,0.011576,-0.063654,-0.019105,0.369471,0.186488
84.000000,0.231265,-0.092505,-0.091140,-0.538858,0.647300,0.692399,-0.074570,-0.039264,-1.062246,0.150000,0.000000,0.000000,0.027054,0.038072,0.026257,-0.016785,0.156178,-0.084106,0.081809,0.120291,0.041259,-0.015308,0.047912,0.003896,-1.082610,-2.058241,1.885161,-3.351930,0.709755,0.924901,1.777905,-1.623825,1.505358,0.447588,1.342113,-1.970670,0.688514,0.619261,-0.649570,-0.784828,-0.755583,0.737987,-0.650784,-0.747918,-0.563117,-0.720718,-0.609845,-0.718271,0.019352,0.280499,0.064449,-0.171325,-0.277182,-0.157773,0.139079,-0.044418,-0.035096,-0.022200,0.328466,0.136163
85.000000,0.011080,-0.012359,0.007486,-0.169436,0.059947,0.003131,0.099464,0.083197,-0.952371,0.150000,0.000000,0.000000,0.072855,0.025087,0.008685,-0.027428,0.119860,-0.036250,0.106750,0.065224,0.023950,-0.069371,0.038625,-0.131952,2.402343,0.331958,0.347397,0.519087,-3.625551,4.254731,0.829543,-3.979690,-1.223089,-1.199126,-0.213995,-1.893568,0.692648,-0.765653,-0.656059,0.362395,-0.615098,0.696216,0.772867,-0.788760,-0.717876,0.637595,-0.043358,0.781474,0.056808,0.287919,-0.109067,-0.119087,-0.064658,-0.094252,0.050340,-0.078703,0.086346,0.117066,0.365715,0.239045
86.000000,0.103682,0.014706,0.023391,-0.179079,-0.463756,-0.556712,0.098196,-0.041343,-1.048694,0.150000,0.000000,0.000000,0.103856,0.033663,0.012423,-0.056220,0.077181,0.005935,0.090770,0.000418,0.053648,-0.066285,0.059809,-0.116573,2.597529,-0.301682,-0.515178,-2.509080,-2.470326,4.568908,1.553407,-3.849567,0.381954,1.256832,-0.694675,0.172933,-0.795116,-0.035526,0.175086,-0.745180,-0.704103,0.594909,-0.576049,0.643385,0.632307,0.608469,-0.693527,0.661438,0.210659,0.110441,-0.404294,-0.012148,0.055411,0.191404,-0.052634,0.205692,0.158353,0.005261,0.410060,0.194825
87.000000,0.113627,-0.041331,-0.032685,-0.689425,-0.424929,0.244583,0.057472,-0.047677,-1.031876,0.150000,0.000000,0.000000,0.034649,-0.020095,0.012075,-0.069143,-0.002049,0.063519,0.144969,-0.053777,-0.039419,-0.034084,0.068992,-0.115001,-1.228533,-1.523319,0.448410,-1.255321,-3.170192,3.257972,2.302233,-0.208758,-1.632584,-0.957880,0.551419,1.221421,-0.613124,0.576549,0.778057,0.738217,-0.160474,-0.209516,0.280946,0.654145,0.732943,-0.665421,0.653720,0.623613,0.277548,-0.147974,-0.389172,-0.136281,0.051466,0.077350,0.100587,0.157974,0.160282,-0.158503,0.172281,0.008579
88.000000,0.148409,-0.030187,0.051276,0.900139,0.924319,0.321269,0.018791,-0.004285,-1.045680,0.150000,0.000000,0.000000,0.060337,0.022240,-0.004457,-0.079459,-0.022932,0.147043,0.116969,-0.113181,0.012446,0.005345,0.047811,-0.066344,-2.675072,-1.097483,2.372328,-0.043426,-2.053445,-0.917869,0.020832,0.425543,0.887429,-0.060011,-0.605053,3.157393,-0.764273,0.693555,-0.787508,0.723791,0.765631,-0.772369,0.784943,0.656841,0.624095,-0.667674,-0.748204,0.796135,0.197554,-0.270532,-0.263610,-0.059996,0.250402,0.210598,0.039082,0.273253,-0.017365,-0.112833,0.062988,-0.041348
89.000000,0.089518,-0.047572,-0.022997,1.497028,0.364738,-0.209443,-0.010813,0.056343,-1.035877,0.150000,0.000000,0.000000,-0.002956,0.034063,0.003902,-0.067586,-0.028874,0.129461,0.135790,-0.054763,0.088473,-0.134185,0.071157,-0.007934,-1.479285,1.525769,-1.544106,3.022686,2.686650,-4.079690,-0.085784,3.391861,2.192074,-5.174009,1.159962,1.878878,0.701969,0.615790,-0.639514,-0.656514,0.707679,-0.727825,-0.661894,-0.279091,-0.125913,0.793952,-0.609654,-0.771316,0.020411,-0.267457,-0.091073,0.023221,0.210011,0.108372,0.030602,0.338451,0.009864,-0.092977,0.000587,0.029458
90.000000,0.061192,-0.031962,-0.046779,-0.229565,-0.998402,0.951248,0.058466,-0.052072,-0.959919,0.150000,0.000000,0.000000,-0.005272,0.105079,-0.059338,-0.069137,0.048159,0.060831,0.111741,0.031503,0.019454,-0.127592,0.081418,-0.001307,-0.404156,0.547627,-0.461103,-1.702857,3.448139,-3.046525,-1.372443,2.108106,-1.305919,0.211556,-4.744280,0.425787,-0.654283,-0.651938,0.751144,0.663513,0.666696,-0.643467,-0.646849,0.788015,-0.616724,0.736264,-0.507006,0.706256,0.011477,-0.041182,0.041189,-0.136592,0.205644,-0.205743,0.014868,0.327103,0.157786,0.035851,0.056810,0.279327
91.000000,0.158180,0.082729,0.015040,-0.438544,-0.610314,0.850636,-0.062056,0.040384,-1.050604,0.150000,0.000000,0.000000,-0.000610,0.082809,-0.076138,-0.044251,0.079032,-0.000568,0.126104,0.064496,0.062499,-0.152826,0.004247,0.068589,1.448947,-0.065209,0.963338,0.700458,1.427943,-4.657069,-5.245394,1.462328,-0.014193,1.247501,-0.800000,0.317320,-0.076928,-0.760063,0.456533,0.762402,0.698977,0.502291,-0.715762,-0.760913,0.720453,0.769775,0.777847,-0.744859,0.017041,0.018558,0.124787,-0.183565,-0.143977,-0.343801,0.125931,0.176034,0.057804,0.052297,0.063134,0.247762
92.000000,0.025863,-0.033175,-0.056625,-0.298618,0.484463,-0.616528,-0.029619,0.033015,-1.095922,0.150000,0.000000,0.000000,-0.016408,0.090543,-0.005726,-0.018141,0.108380,-0.050884,0.026576,0.045076,0.021196,-0.085290,-0.034950,0.065670,-1.841251,-0.233492,-1.296967,-0.378916,2.613580,-1.895511,-3.335243,2.411748,-1.973775,2.464270,-0.499179,-1.453296,-0.112249,0.387451,0.641467,-0.720951,-0.326940,0.725479,0.637045,-0.383614,0.658635,0.767500,0.778022,-0.727572,-0.055119,0.086235,0.026759,-0.158410,-0.281089,-0.242029,0.104837,0.025491,-0.045383,0.001680,0.190550,0.078802
93.000000,0.192268,0.008522,0.159237,-1.537478,0.220398,0.242793,-0.041193,0.046150,-0.907689,0.150000,0.000000,0.000000,0.058922,0.055678,-0.024017,-0.038058,0.191114,-0.104229,0.022784,0.063918,0.061354,-0.050548,0.074574,-0.033466,-0.198251,-0.271880,-0.038914,-2.904358,0.446958,3.125305,-1.776851,0.807076,0.993408,2.085489,2.753326,-2.538420,0.680768,0.079189,-0.358118,-0.664592,-0.676620,0.640949,0.241008,-0.713750,-0.798557,0.790387,0.227526,-0.660034,-0.004807,0.286907,0.000835,-0.139810,-0.285751,-0.118251,0.083943,0.156851,-0.161454,-0.031469,0.344664,0.020892
94.000000,0.230975,0.014165,-0.045391,0.094885,-0.169378,-0.341116,0.066470,-0.013154,-0.946413,0.150000,0.000000,0.000000,-0.001779,0.012127,-0.003027,-0.072538,0.085696,0.008569,0.021991,0.028449,-0.001620,-0.026482,0.070584,-0.062211,-1.343408,-2.597072,-1.000676,-1.181189,-1.906103,3.876777,0.789205,-3.648425,-1.485173,-0.628923,0.589920,-4.812528,-0.229896,-0.785839,-0.724183,0.675427,-0.781503,0.650403,0.754492,-0.610459,-0.749487,-0.694339,-0.738036,0.765222,0.096841,0.267397,-0.200604,-0.012708,-0.091863,0.211930,-0.084434,0.227572,-0.011796,0.004086,0.316007,0.080395
95.000000,0.129108,0.064026,0.029103,0.584686,0.012720,-0.138650,0.088068,0.102549,-0.954772,0.150000,0.000000,0.000000,0.057007,0.041128,0.037441,-0.024993,0.116529,-0.007488,0.058776,-0.020365,-0.001745,0.029295,0.105085,-0.140768,-0.984726,-0.164207,-0.774026,1.846548,-1.118977,2.747262,0.243854,-5.519780,-0.951233,-0.917648,-3.550568,1.092067,-0.092295,0.714218,-0.602025,0.441090,0.725841,0.724988,0.756245,0.602006,-0.756995,-0.253372,-0.633725,0.776275,0.317322,0.034180,-0.434840,0.046437,0.094007,0.151621,-0.162914,0.152298,0.075519,-0.011249,0.285486,0.018848
96.000000,0.026104,0.030453,0.014385,-0.767130,-0.655388,-0.718669,-0.054565,-0.081526,-1.040246,0.150000,0.000000,0.000000,-0.006113,0.040217,-0.052310,-0.102916,0.067328,0.021376,0.077940,-0.125430,0.009520,0.001152,0.003543,-0.049716,-0.451728,-1.164497,0.897377,0.777860,2.966311,1.386000,1.892390,-1.934444,-1.543376,-2.048173,-1.488682,2.965680,-0.762226,0.750035,0.629696,0.700180,0.608367,-0.634088,-0.684804,0.657169,0.601060,-0.679325,0.655849,0.731328,0.230112,-0.225827,-0.263550,0.017955,-0.068306,0.057379,-0.117608,0.351000,0.104795,-0.143104,0.052494,-0.027638
97.000000,0.078707,-0.063521,-0.028861,1.151745,1.156934,-0.488923,-0.026856,-0.008772,-1.070817,0.150000,0.000000,0.000000,-0.026179,0.037659,0.012728,0.011694,0.045642,0.121767,0.163109,-0.100973,0.012246,-0.042692,0.054912,-0.009658,-1.921136,0.570651,0.169422,1.942814,1.849169,2.276231,1.719979,1.630128,2.495504,-1.945050,0.708508,3.431819,-0.688620,0.600091,-0.041985,0.702598,-0.685567,-0.789030,-0.774944,0.668420,0.721150,-0.653731,-0.659501,-0.724483,0.133185,-0.227818,-0.046216,0.071055,0.184485,0.017033,0.025694,0.338446,0.067869,0.025659,0.088121,-0.004082
98.000000,0.133907,-0.103408,0.117957,0.798387,-0.541997,-0.236195,-0.063328,-0.043563,-0.962981,0.150000,0.000000,0.000000,-0.075504,0.076230,-0.039171,0.044955,0.099610,0.050937,0.174607,0.003438,-0.015133,-0.067667,-0.011222,0.068318,0.054163,1.530134,-2.455613,-0.566511,-1.277611,-2.877098,-0.601825,3.547381,2.108587,-2.231667,-0.539670,1.805862,0.716787,-0.717989,-0.658899,-0.653535,0.628068,-0.735799,-0.613459,-0.659268,0.026578,0.677737,-0.634812,-0.789494,0.065945,-0.035255,0.126392,0.030618,0.160300,-0.282862,0.006897,0.319421,0.043399,0.025348,0.222257,0.150355
99.000000,0.226123,-0.085401,-0.016026,0.101521,0.021143,-0.338617,-0.061646,-0.057220,-0.938663,0.150000,0.000000,0.000000,-0.049194,0.054792,-0.010691,0.020737,0.139783,0.010049,0.099699,-0.030566,0.024149,-0.178148,0.040170,0.070444,-1.628090,-0.712962,-0.915190,0.540812,2.803690,-4.240591,-3.003640,-0.340135,-1.143512,-1.687384,-0.861072,-1.827688,0.710132,-0.772584,0.630546,0.723076,-0.411881,0.620005,0.516294,0.662553,-0.638475,0.615767,0.491247,-0.630002,-0.017049,-0.015361,0.198660,-0.071068,-0.003408,-0.372176,0.088211,0.095296,-0.005780,0.042455,0.063543,0.187608
100.000000,0.175896,0.006881,0.037922,0.291214,-0.459660,0.197664,0.044605,0.071880,-0.937232,0.150000,0.000000,0.000000,-0.032204,0.047371,-0.016239,0.016938,0.141217,-0.045777,0.044163,0.067445,0.024796,-0.125255,0.040377,-0.032544,0.364431,-2.841802,3.568891,-0.067719,2.028916,-3.110984,0.920064,0.167313,-0.830223,1.765402,1.382284,-2.203714,-0.360710,-0.661048,0.776856,-0.610833,-0.559684,0.726398,0.736365,-0.628704,-0.357100,0.686027,0.769346,-0.603019,-0.043026,0.022606,0.023006,-0.090576,-0.185690,-0.297875,0.276389,0.060946,-0.014084,-0.012934,0.121412,0.291432
101.000000,0.216017,0.039488,0.003489,-1.170755,0.792706,0.511396,0.099979,0.062194,-0.957852,0.150000,0.000000,0.000000,0.021072,0.054075,-0.017718,0.057914,0.178033,-0.067696,0.067276,0.088109,0.058785,-0.052128,0.071624,-0.008836,1.257250,-2.326936,2.893400,-0.621460,-0.881544,-0.793983,1.838107,2.064408,-2.490843,5.554682,0.112852,-3.973677,0.620292,-0.785364,-0.349564,-0.767019,-0.791231,0.729285,-0.791810,-0.749095,-0.759127,0.704960,0.748028,-0.793365,-0.058302,0.117147,0.004473,-0.051982,-0.236757,-0.115779,0.115158,0.015117,0.011806,0.072675,0.391691,0.150191
102.000000,0.170444,0.085552,0.101896,0.388619,-0.505984,-0.450089,0.040741,-0.038733,-1.010884,0.150000,0.000000,0.000000,0.051135,0.052764,0.013356,0.014924,0.089875,-0.032389,0.088793,0.067170,-0.038007,0.021628,0.022909,-0.127404,2.993735,0.276230,-0.827886,-0.496919,-4.395374,-0.018770,-1.175631,-0.477924,-1.958011,1.477932,1.952986,-0.805853,0.783457,-0.068378,-0.612857,0.245414,-0.398435,0.608890,0.656412,-0.679004,0.146222,-0.709381,0.688683,0.785352,0.096865,0.170936,-0.171190,-0.019888,-0.130490,0.020075,-0.033742,0.022699,0.035057,0.108517,0.438956,0.124049
103.000000,0.072052,-0.057189,0.041303,-0.596787,-0.276411,-0.356045,-0.082875,-0.004906,-1.022992,0.150000,0.000000,0.000000,0.036027,0.035180,0.039239,-0.003857,0.058242,0.006940,0.080036,-0.066955,0.050561,0.056185,0.072035,-0.131639,0.909265,-1.501179,1.261757,-1.866778,-2.514127,1.236557,2.257292,-4.392035,1.919361,1.127776,-0.577712,1.110067,-0.659802,0.108269,0.665814,0.735948,-0.431210,0.633769,0.650986,-0.359333,0.512958,-0.767654,-0.723020,0.609256,0.241941,-0.015854,-0.361400,0.006046,0.049430,0.103629,-0.009330,0.058525,0.178672,-0.064311,0.343964,-0.012054
104.000000,0.060510,0.097510,-0.014649,-0.887498,-0.211899,0.319888,-0.063437,-0.013244,-1.062586,0.150000,0.000000,0.000000,0.035984,0.022544,0.067138,0.008294,0.070748,0.067387,0.074320,-0.064046,0.041606,0.006523,0.143059,-0.101062,-0.962816,-1.199972,-0.103717,2.310463,0.800172,1.533762,4.526016,-0.005805,-0.970603,-2.641961,-3.475957,1.054749,-0.730363,0.744258,0.606579,0.648159,0.268809,0.716106,0.647235,0.783283,0.180520,-0.674193,-0.238205,0.689127,0.195477,-0.200874,-0.304381,0.106689,0.049856,0.021384,0.038266,0.215276,0.065035,-0.111643,0.123438,-0.028117
105.000000,0.095663,0.156152,-0.055074,0.842224,0.465149,-0.008948,0.042266,0.092476,-1.022236,0.150000,0.000000,0.000000,0.017888,-0.003348,0.051184,-0.015446,0.064177,0.040037,0.153847,-0.029140,0.040069,-0.020092,0.049868,-0.030164,-2.962373,3.274493,-0.906370,-0.942055,0.479789,1.822721,3.746916,1.342469,0.046546,-4.054104,-0.190772,4.364921,0.180013,0.616891,-0.653908,0.501045,0.617357,-0.615695,-0.628228,0.761928,0.669041,-0.678160,-0.789925,0.715176,0.148799,-0.244399,-0.205926,0.151117,0.237330,0.021150,-0.000321,0.441688,0.087345,-0.073517,0.112703,-0.014786
106.000000,0.088664,0.035920,0.147112,-0.102012,0.125202,0.341534,0.098882,0.086563,-0.983441,0.150000,0.000000,0.000000,-0.009603,0.047005,0.060196,0.000058,0.029738,-0.011291,0.217986,0.009896,0.043462,-0.136640,0.012354,0.044718,-0.349711,2.105928,-3.602512,-0.615990,2.436748,-0.167621,-2.562219,0.054308,0.225008,-1.384089,-0.811370,-0.223335,0.729562,-0.692598,-0.670611,0.692194,0.716998,-0.698671,-0.711199,-0.345874,-0.740977,0.710908,0.261214,-0.717703,0.159716,-0.080902,-0.220377,0.011711,0.252503,0.085998,-0.017203,0.312927,0.123648,0.024094,0.019246,0.038618
107.000000,0.044370,0.087085,-0.011968,-0.741427,-0.444346,-0.202689,-0.051131,0.030668,-1.032470,0.150000,0.000000,0.000000,-0.013082,0.057188,0.008858,0.013240,0.101867,-0.051392,0.173227,0.034072,0.053420,-0.137826,-0.002976,-0.028121,-0.844577,1.034825,-1.579529,1.623347,0.783684,-2.060358,-1.595780,-0.251358,-1.538882,-1.364534,-1.586424,1.585774,-0.644031,-0.672368,0.684293,0.725497,0.757153,-0.095241,0.573282,0.680684,0.573674,0.791865,0.299394,0.146721,0.148695,0.053196,-0.138732,-0.167525,0.097906,-0.326260,0.009711,0.325634,0.102398,0.069994,0.003578,0.269931
108.000000,0.155874,-0.107964,-0.091589,0.892526,-0.986713,-0.463004,0.099777,-0.015132,-1.046586,0.150000,0.000000,0.000000,0.029834,0.118318,0.001429,0.067415,0.118097,-0.029506,0.110434,0.093684,0.008068,-0.067199,-0.003739,-0.026614,-1.163358,-0.349076,-0.270190,1.707826,3.200933,-1.734761,-2.216712,4.352803,-0.898913,1.537959,0.500798,0.365223,0.011009,-0.094663,0.605386,-0.667344,-0.649105,0.747111,-0.785772,-0.207589,0.738553,0.067804,0.772815,0.743243,0.097736,0.043178,-0.005765,-0.173625,-0.150458,-0.412382,0.119746,0.205203,0.054622,0.097340,0.193690,0.250446
109.000000,0.112809,0.062152,0.008841,1.218846,-1.149235,-0.194115,0.069570,0.068227,-0.999218,0.150000,0.000000,0.000000,-0.002940,0.076773,0.026011,-0.005357,0.134565,-0.067538,-0.000870,0.048533,0.011427,-0.130473,0.008731,0.002849,-1.341759,-0.221323,2.507792,-2.641865,0.428590,1.407932,-1.836578,1.444639,-0.520299,-1.274879,2.838682,1.051051,0.314075,0.197045,0.671038,-0.701451,-0.605702,0.788549,0.507009,-0.615621,-0.347330,0.769459,0.740752,-0.743872,0.111961,0.197652,0.059075,-0.265632,-0.242674,-0.452560,0.250433,0.001034,-0.082489,0.075830,0.188879,0.204792
110.000000,0.150531,0.159071,0.054169,-1.792388,1.098757,-0.250001,0.065785,-0.022174,-0.972169,0.150000,0.000000,0.000000,-0.029247,0.098320,0.040512,-0.051341,0.137969,-0.068337,0.054271,0.102418,0.099562,-0.106401,0.068044,-0.029097,-0.716403,-0.919485,2.864590,-2.303894,0.791005,1.080204,-1.797281,-0.193112,-1.563719,1.466301,3.718508,-4.613238,0.606589,-0.793489,0.092352,0.774518,-0.766915,-0.238257,0.757010,-0.610799,-0.781756,0.683203,0.049456,-0.623212,-0.038906,0.252222,-0.014034,-0.074648,-0.307720,-0.069980,0.037993,0.038300,-0.084522,0.064098,0.381554,0.035091
111.000000,0.140707,0.128836,-0.138697,-1.181297,1.759134,0.818690,-0.004912,0.054993,-1.044623,0.150000,0.000000,0.000000,0.045067,0.081674,-0.007220,-0.082675,0.175914,-0.045057,0.009374,0.043477,0.010093,-0.009180,0.059122,-0.125390,0.709464,-0.900223,-0.109999,-1.888824,-2.945670,3.270932,0.501410,-4.652951,-0.418665,1.752714,-0.016964,-4.533419,0.620089,-0.174953,-0.700600,-0.706687,-0.730000,0.716581,0.613190,-0.635950,-0.738263,0.779890,-0.701474,0.639306,0.125010,0.197110,-0.228339,-0.060438,-0.136211,0.069973,-0.058202,0.169457,-0.000153,0.093762,0.417683,0.069811
112.000000,0.149436,0.022102,-0.088615,-0.464627,-0.405901,-0.901886,0.012694,0.026177,-0.936664,0.150000,0.000000,0.000000,0.022136,0.053591,0.029087,-0.139506,0.067686,0.000934,0.106531,-0.071056,0.030375,-0.017441,0.070909,-0.114652,-0.216594,-1.779467,-1.117610,-1.584899,-1.849885,1.046258,2.408069,-2.023151,-3.463565,1.056353,0.295836,-1.345596,-0.758061,-0.614614,0.014324,0.769243,0.761357,0.645269,0.622837,-0.682419,0.396250,-0.616484,-0.600992,0.648175,0.255081,0.047984,-0.300688,0.003535,0.063809,0.180227,-0.084906,0.247747,0.084821,-0.042372,0.293912,-0.075707
113.000000,0.031856,0.010525,-0.057640,0.207404,-0.427638,-0.058553,0.000309,0.069780,-1.022970,0.150000,0.000000,0.000000,0.015460,0.013652,-0.015061,-0.121887,0.042764,0.055417,0.149365,-0.065816,-0.018195,-0.058848,0.090348,-0.147518,-1.885787,0.251407,-0.520702,2.002830,-1.589711,2.309377,1.379762,-2.079443,-1.072396,0.736012,-1.347983,0.724393,-0.790365,0.726625,0.755453,0.679734,0.798002,-0.678606,-0.268784,0.629669,0.737164,-0.747165,0.765886,0.679546,0.287059,-0.217719,-0.276841,-0.034479,0.006787,0.090533,-0.029206,0.241356,0.009670,-0.143238,0.126173,-0.062838
114.000000,0.176177,0.068216,0.018597,1.659541,0.805704,0.206442,0.096511,-0.062821,-0.903483,0.150000,0.000000,0.000000,0.026303,0.037299,0.069809,-0.044298,0.042499,0.113346,0.125890,-0.108631,-0.032015,-0.048369,0.023704,-0.157674,-2.976778,2.706356,0.963988,2.084297,0.148189,0.604131,0.607274,0.218373,-0.812868,-1.239082,-2.330582,3.959818,0.058467,0.770924,-0.729155,0.679004,0.690437,-0.612473,-0.718983,0.789473,0.734802,-0.647248,-0.725938,0.637456,0.169588,-0.314488,-0.208103,0.059809,0.194374,0.103123,-0.088623,0.436193,0.007325,-0.052210,0.059239,-0.022515
115.000000,0.143508,-0.077158,-0.018253,1.604714,1.240392,-0.220049,-0.069168,-0.039747,-0.983368,0.150000,0.000000,0.000000,0.031008,0.064000,0.032200,-0.007680,0.046516,0.056929,0.188259,0.001453,0.028732,-0.136258,0.006389,-0.018250,-2.464780,1.141516,-4.064071,1.078966,1.321461,-0.874085,0.584674,3.630907,1.170628,-2.724480,-1.469856,3.215680,0.786397,-0.097317,-0.715014,-0.758364,-0.114341,-0.647450,-0.778357,-0.714445,-0.666225,0.633132,0.488036,-0.714187,0.107258,-0.183897,-0.001358,0.073634,0.156697,-0.034418,-0.157903,0.345432,0.083229,0.072052,0.015933,0.088109
116.000000,0.061545,0.034538,-0.016257,-0.095837,-0.106143,0.541788,-0.001764,-0.025940,-1.036744,0.150000,0.000000,0.000000,-0.058671,0.064883,-0.036842,-0.015714,0.135862,0.031343,0.085006,-0.059487,0.001204,-0.083632,-0.022387,-0.031722,-1.865617,2.194566,-2.265286,-0.053976,-0.415620,-3.180020,-1.774159,3.474420,0.048116,-0.816440,-0.490807,0.695136,-0.747431,-0.787207,0.624914,0.736786,0.625044,-0.694669,-0.722581,0.700394,0.121745,0.682178,0.726241,-0.117609,0.036063,-0.029192,0.230887,-0.034340,0.121097,-0.332861,0.073351,0.220824,0.016498,0.050515,0.152206,0.240045
117.000000,0.130395,-0.080613,0.069014,0.423532,-1.231167,-0.170902,-0.017200,0.070404,-0.999144,0.150000,0.000000,0.000000,-0.001083,0.100296,-0.076375,0.058617,0.185869,-0.082968,0.033103,0.027494,-0.035805,-0.112175,-0.052207,-0.003318,-0.437137,0.728830,2.225010,0.912260,3.254757,-1.697166,-1.381448,0.606513,-1.386080,-0.612509,0.528320,0.265068,-0.794572,-0.708539,0.724276,-0.158945,-0.726127,0.675477,-0.620454,-0.742495,0.765700,0.600314,0.721205,-0.703867,0.038198,0.027618,0.089292,-0.135666,-0.078287,-0.384503,0.097889,0.169859,-0.031650,-0.050059,0.085619,0.181500
118.000000,0.037137,-0.079881,-0.002768,-1.187975,0.530186,-0.464221,0.086062,0.052278,-1.053956,0.150000,0.000000,0.000000,-0.050223,0.067684,0.028846,-0.008483,0.121914,-0.109410,0.074347,0.015993,0.066245,-0.019482,0.060524,0.039972,-0.537582,-2.860353,2.384701,-1.043163,0.519999,0.497031,1.092242,-0.742706,-0.998589,2.691539,2.773322,-1.056304,0.641980,-0.750635,-0.609085,-0.618236,-0.795525,0.649793,0.761472,-0.692564,-0.667416,0.729959,0.611692,-0.695167,-0.030493,0.176920,0.042937,-0.132742,-0.314438,-0.190621,0.162227,0.010127,-0.095449,-0.016792,0.255608,0.101395
119.000000,0.277003,0.063745,-0.050839,-1.411262,0.547413,-0.247036,-0.063734,-0.034382,-1.083093,0.150000,0.000000,0.000000,0.010917,0.027607,0.036643,-0.047476,0.142085,-0.017832,0.039816,0.086183,0.013712,-0.012436,0.103780,-0.080958,1.737670,-0.432173,-0.316280,-1.629116,-1.831918,0.975617,0.666145,0.651742,-1.168438,2.388447,1.462994,-3.021074,0.334461,0.179678,-0.751999,-0.627974,-0.653405,0.622599,-0.728814,-0.665258,-0.637741,-0.765692,-0.762015,-0.699023,-0.041697,0.212112,-0.057125,-0.056098,-0.252154,-0.016588,0.065887,0.050065,-0.047494,0.071746,0.492040,0.184706
120.000000,0.152439,0.117439,-0.060750,0.927245,-0.096094,-0.282496,0.019680,0.091952,-1.059211,0.150000,0.000000,0.000000,0.053336,0.063597,-0.038699,-0.043116,0.061496,-0.038237,0.054815,0.048394,0.028565,-0.000740,0.073551,-0.091817,3.022870,-2.960483,-2.366211,-0.581603,-1.234754,2.295521,-0.790936,-1.131634,-0.154144,0.212641,0.994607,-1.124457,0.717643,-0.713100,0.789509,0.447843,-0.702376,0.721153,0.620473,-0.715136,-0.751163,-0.753109,-0.648134,0.652840,0.267440,0.177657,-0.315977,-0.018646,0.073978,0.140144,-0.119412,0.171141,0.113675,0.036666,0.346235,0.038577
121.000000,0.198148,-0.039022,0.071604,-1.018750,-0.963943,0.492955,0.090076,0.026840,-0.960669,0.150000,0.000000,0.000000,0.032461,-0.036631,0.036160,-0.047691,0.037254,0.007046,0.043170,-0.037805,-0.018615,0.079694,0.073493,-0.096994,1.124568,0.336061,0.089852,1.969654,-1.475449,2.783981,4.076675,-4.199242,-2.196047,-1.249370,-0.359488,2.411455,-0.782788,0.135844,0.672446,0.716541,0.788727,-0.153537,0.730153,0.714127,0.795928,-0.724007,0.678049,0.752771,0.231212,-0.131735,-0.369196,0.023049,0.075892,0.127160,0.054539,0.219997,0.126528,-0.205791,0.229679,-0.048909
122.000000,0.134640,0.045277,0.072571,0.407420,-0.239440,0.742262,0.067790,0.098100,-0.927543,0.150000,0.000000,0.000000,0.068576,-0.001012,0.053520,-0.032497,0.045955,0.040976,0.108349,-0.131830,-0.036608,0.026819,0.069544,-0.126750,0.099061,-0.235456,1.354877,0.851619,0.862890,2.294553,2.703209,0.011745,1.723045,-1.842921,-1.123875,1.687562,-0.660329,0.752255,-0.657593,0.653951,0.774838,-0.756543,-0.674350,0.700462,0.653026,-0.674401,-0.767637,0.729169,0.167799,-0.269484,-0.195536,0.028239,0.062345,0.098726,-0.031846,0.311056,0.004738,-0.153667,0.020436,-0.017298
123.000000,0.252998,0.003764,0.020086,1.626847,1.254043,0.806371,0.060622,-0.003206,-0.999943,0.150000,0.000000,0.000000,0.026134,0.070434,-0.007911,-0.028284,0.027287,0.064368,0.163011,-0.103300,0.012287,-0.111228,0.059063,-0.060604,-2.220887,2.547803,0.124825,0.770183,2.391612,1.528644,0.473783,1.898753,1.549587,-5.234380,-2.159255,3.031288,0.679659,0.727962,-0.612478,0.729247,0.658213,-0.738025,-0.607714,0.697169,-0.160740,-0.256244,-0.752469,-0.746841,0.082196,-0.310248,-0.116674,0.005413,0.263292,0.036848,-0.048585,0.477162,0.133037,-0.046179,-0.012539,0.065827
124.000000,0.236059,-0.023513,0.112218,-0.901716,-0.127538,0.140352,-0.005773,0.012505,-0.998839,0.150000,0.000000,0.000000,-0.033787,0.016569,-0.014105,-0.040376,0.109641,0.074989,0.195469,-0.009614,0.061866,-0.128990,0.025196,0.064148,0.479618,1.023786,-3.506875,0.422213,3.113834,-0.990317,-0.146052,2.223861,0.548068,-0.506029,0.656894,0.648270,-0.767123,-0.646645,0.468573,-0.116572,0.771881,-0.621791,-0.637002,-0.492121,-0.601932,0.701212,0.704697,-0.779311,0.092007,-0.069210,0.070394,-0.036663,0.239517,-0.107897,-0.147265,0.364825,0.131405,0.089691,-0.120966,0.225082
125.000000,0.180418,-0.003222,0.086635,-0.573097,-0.149843,-0.061508,-0.064549,0.074803,-0.941982,0.150000,0.000000,0.000000,0.018820,0.040566,-0.027650,0.036300,0.103229,-0.019181,0.061181,0.010602,0.037145,-0.111189,0.018318,0.058313,-1.402327,-1.522277,-0.676183,-0.646845,1.316407,-5.577591,-4.683128,2.556558,1.382801,2.821244,-1.039145,1.717963,0.073942,-0.641323,0.640556,-0.727452,0.761371,0.349170,0.653034,0.710123,0.703347,0.761819,0.792935,-0.624644,0.085962,0.026199,0.016396,-0.181198,0.073427,-0.424716,0.152934,0.267208,0.068797,0.039081,0.026639,0.395811
126.000000,0.140312,-0.009874,-0.029072,1.162176,0.301602,-0.832237,-0.003991,-0.045604,-0.928144,0.150000,0.000000,0.000000,-0.000206,0.043061,-0.063346,0.025968,0.219678,-0.103080,0.078326,0.067737,0.048585,-0.079843,-0.003786,0.039379,0.840744,0.414473,0.419886,0.276777,1.894547,-2.591145,-4.188212,2.798987,0.455372,1.959191,0.964683,-0.719902,-0.730279,-0.105980,0.715213,-0.700082,-0.732667,0.774120,-0.746096,-0.728472,-0.134344,0.633268,0.752137,-0.670098,-0.073513,-0.021670,0.054911,-0.210337,-0.293374,-0.304150,0.238560,0.068705,-0.065656,-0.019676,0.110546,0.168337
127.000000,0.216145,0.067994,0.048372,-1.259183,1.460950,-0.156558,0.091871,0.079398,-1.015519,0.150000,0.000000,0.000000,-0.015001,0.066723,-0.017879,-0.049055,0.136961,-0.070313,-0.005284,0.077277,0.063858,-0.020458,0.101898,-0.028274,1.353801,0.637373,1.545897,-0.073941,-2.584423,0.709599,-3.843959,1.937238,1.810037,4.065420,2.273630,-1.364358,0.691501,0.115483,-0.785875,-0.731703,-0.692304,0.604105,0.619663,-0.654214,-0.629242,-0.673153,0.764498,-0.601913,-0.008510,0.235009,0.044312,-0.191465,-0.316837,-0.332512,0.246700,0.038220,-0.114305,-0.043987,0.267487,0.087214
128.000000,0.159757,-0.069647,0.155856,-0.192949,-0.532743,-0.388396,-0.056882,-0.008435,-0.914364,0.150000,0.000000,0.000000,-0.047057,0.069417,0.001315,-0.024618,0.161667,-0.097414,0.030831,0.042298,0.088275,-0.043687,0.112928,-0.036173,2.300181,-2.327056,0.823235,-4.442582,-0.295653,0.145813,-0.784580,-2.288352,-0.166949,1.558687,3.699010,-2.571137,0.799478,-0.644916,-0.758228,0.183691,-0.619492,-0.788059,0.605222,-0.734912,-0.734581,0.634193,-0.714223,0.643465,0.065361,0.352701,-0.079007,-0.097589,-0.166179,-0.101929,0.048153,0.111654,-0.041518,0.047348,0.295643,0.022991
129.000000,0.158450,0.116200,-0.061680,0.581299,-0.454168,0.181506,-0.036172,0.070086,-1.039671,0.150000,0.000000,0.000000,0.023505,-0.022443,0.012475,-0.111335,0.153376,-0.014065,0.067253,0.016014,0.016444,0.002203,0.140674,-0.108858,0.949879,-1.591940,-0.835979,-0.280716,-2.327852,0.349535,2.024551,-5.124054,-2.900975,-1.268855,-1.583982,-2.929801,-0.280004,0.671933,-0.243378,0.638650,0.310586,0.642085,0.786552,-0.624579,-0.619309,-0.114962,-0.768804,0.787964,0.071245,0.191100,-0.248385,-0.008493,-0.053126,0.214223,-0.072490,0.136937,0.007507,0.116544,0.378024,0.161318
130.000000,0.062182,0.057701,-0.104555,0.190216,-1.202064,-0.866534,0.020083,0.101980,-1.007910,0.150000,0.000000,0.000000,0.105104,0.040249,-0.011634,-0.066323,0.059296,0.070691,0.067396,-0.059995,-0.003810,-0.000523,0.121252,-0.173714,2.832300,1.541641,-1.439493,-0.766125,-1.430817,3.214767,1.718781,-0.732554,0.728989,0.186653,-2.043265,0.237820,-0.798744,0.744230,0.617983,0.780024,0.771939,0.770127,-0.524590,0.727814,0.678890,-0.674492,-0.727424,0.651696,0.238201,-0.091713,-0.403939,0.035236,0.002933,0.241037,-0.105517,0.234886,0.137937,-0.174517,0.305506,-0.063154
131.000000,0.113729,0.098973,-0.063250,-0.816858,-0.666040,0.260556,-0.024289,0.103144,-1.083393,0.150000,0.000000,0.000000,0.096728,0.005353,-0.016842,-0.072169,0.081298,0.100247,0.110486,-0.129917,-0.047999,0.018365,0.023982,-0.151706,-0.730575,0.827445,2.644305,2.162619,-0.095451,0.646608,0.505349,-0.093700,-0.344624,-1.641939,-1.521782,0.972964,-0.681799,-0.292400,0.612726,0.660539,0.266466,-0.760529,0.622570,0.738281,0.722253,-0.695919,0.693437,0.643720,0.213993,-0.263558,-0.318239,-0.046121,0.033799,0.184886,0.093197,0.271191,0.084036,-0.216031,0.137644,-0.088553
132.000000,0.058094,-0.041241,0.109750,1.397719,0.708017,-0.150462,0.093985,0.098146,-0.972567,0.150000,0.000000,0.000000,0.064220,0.021982,0.069269,0.027365,0.114490,0.089275,0.186044,-0.066854,0.024706,-0.087588,0.026599,-0.054169,-1.809286,1.117126,2.304945,1.031799,2.461431,-0.199940,1.793240,0.662846,0.478947,-1.841315,-1.928037,5.478198,-0.056623,0.791666,-0.753553,0.785315,0.746946,-0.667209,-0.654648,0.726968,0.631822,-0.608682,-0.758390,0.628247,0.086547,-0.272565,-0.226172,0.101991,0.100162,0.072610,-0.012117,0.387854,0.107561,-0.185498,0.123383,-0.095166
133.000000,0.121555,-0.072049,0.137193,0.208572,-0.670643,-0.437029,0.080434,0.062425,-0.961249,0.150000,0.000000,0.000000,0.015407,0.074401,-0.010458,-0.043227,0.110797,0.111188,0.184984,-0.069494,0.014714,-0.130161,0.015011,0.058460,-0.074795,2.147292,-3.296497,-1.251863,3.369733,-3.954641,-1.799267,2.676229,3.067607,-2.436845,-0.582378,2.399121,0.752612,-0.677266,-0.723516,-0.689097,0.360136,-0.777579,-0.715852,0.161038,-0.720530,0.677121,0.135959,-0.697944,0.096984,-0.184306,-0.147387,-0.074663,0.285372,-0.062898,-0.066551,0.483786,0.170051,0.037448,0.028618,0.145618
134.000000,0.214182,-0.088636,0.066790,1.009722,-0.163281,-0.170761,-0.098854,0.086653,-0.991175,0.150000,0.000000,0.000000,0.049676,0.060319,-0.010047,-0.048811,0.073230,0.009946,0.073787,-0.046115,-0.004057,-0.142882,0.010126,0.043732,2.611190,-1.124562,-4.051475,-1.564463,2.737308,-2.911356,-0.406080,0.092444,0.883332,1.237592,0.330983,1.126249,-0.747296,-0.677452,0.602900,0.644591,0.658298,0.776373,0.494334,0.692281,0.363530,0.622491,0.131788,-0.759552,0.096066,-0.029077,0.013916,-0.235110,0.199829,-0.420061,0.012195,0.391905,0.186964,0.088199,-0.052089,0.341395
135.000000,0.037369,-0.091051,-0.075277,0.352039,-0.105074,-1.447838,0.066127,-0.000996,-0.969795,0.150000,0.000000,0.000000,0.013888,0.097030,-0.050802,0.045489,0.170096,-0.051757,0.126271,-0.026505,0.024649,-0.103926,0.008188,0.098659,-0.168801,-2.441764,1.463574,2.951676,1.166843,-0.222508,0.101529,3.515245,0.628146,2.342003,-0.508300,-2.133217,-0.651258,0.117697,0.603484,-0.629492,0.730414,0.736941,-0.796060,0.707126,0.770709,0.774744,0.773380,-0.619473,-0.000057,-0.026051,0.056429,-0.136180,-0.090299,-0.289960,0.209651,0.092320,0.026241,-0.067094,0.031687,0.324686
136.000000,0.120484,0.021307,-0.031076,-2.249891,0.775237,-0.973735,-0.077817,-0.034791,-0.992115,0.150000,0.000000,0.000000,0.008870,0.080199,-0.058225,0.034364,0.240406,-0.117875,0.064543,0.023059,0.061094,-0.064519,0.015102,0.042212,-0.797990,0.391171,3.416468,-0.775813,0.748598,0.203820,-0.616820,0.246533,2.186377,3.172018,1.849795,-1.267937,0.699550,0.076843,0.635290,-0.730510,-0.645822,0.796796,-0.600828,-0.748679,0.043497,0.792426,0.621951,-0.684236,0.005953,0.173688,0.018183,-0.100410,-0.192651,-0.320032,0.237883,-0.001141,-0.000184,-0.046746,0.292205,0.169874
137.000000,0.236947,-0.021269,0.072097,-1.600842,1.258321,-0.681262,0.003306,0.006901,-1.065542,0.150000,0.000000,0.000000,0.012572,0.089884,-0.032606,-0.086609,0.221655,-0.024315,0.028365,0.085098,0.091860,-0.024860,0.052685,-0.084297,-1.024503,-2.406068,1.282962,-3.212782,-0.362303,0.102783,-2.082008,-2.114189,-0.678671,2.076189,4.440880,-5.080844,0.611552,-0.653151,-0.759037,0.660947,-0.646133,-0.254418,0.699278,-0.623360,-0.749620,0.254101,-0.457896,0.767619,-0.011915,0.272605,-0.007104,-0.039464,-0.152142,-0.024333,0.042409,0.053563,-0.020085,-0.013588,0.298083,0.080180
138.000000,0.147018,0.035742,-0.001510,1.691180,0.284651,-1.240911,0.049732,-0.012641,-0.987809,0.150000,0.000000,0.000000,0.037210,-0.007984,0.055121,-0.104389,0.191063,-0.074148,-0.035758,0.038698,0.089205,-0.034050,0.149945,-0.115145,1.636589,-1.808207,-0.994861,-0.070830,-1.905906,2.531936,2.262666,-4.585561,-3.169826,2.620288,1.698776,-0.424322,-0.272158,-0.145856,-0.799165,0.646352,-0.633784,0.610324,0.693253,-0.793652,0.273980,-0.602929,-0.682721,0.249894,0.183128,0.232138,-0.259262,0.018021,0.049356,0.097611,-0.067640,0.135735,0.116144,-0.001890,0.341662,0.155681
139.000000,0.171179,0.060275,-0.031821,0.571434,-0.608304,-0.647754,-0.031907,0.044263,-0.943616,0.150000,0.000000,0.000000,0.107714,0.039352,0.024111,-0.098865,0.081074,0.010107,0.070471,-0.005644,0.008880,0.028560,0.093782,-0.146599,2.954365,0.630711,1.624782,1.534878,-1.942122,4.001379,4.669888,-1.594274,-0.469602,0.892104,-1.504223,1.574692,-0.759439,0.185613,0.783855,0.774903,0.631520,0.646533,0.693494,0.745018,0.227547,-0.284877,-0.732977,0.738667,0.283919,-0.149058,-0.393487,-0.009487,0.081360,0.024620,0.061795,0.279313,0.143105,-0.080476,0.235828,0.075819
140.000000,0.171906,0.026645,-0.043409,-0.325672,-0.844397,-0.590104,-0.076253,0.034751,-1.042391,0.150000,0.000000,0.000000,0.071597,0.007263,-0.038191,-0.007849,0.066649,0.048680,0.060904,-0.032037,0.019039,-0.033796,0.064919,-0.082526,-0.529296,0.860010,-0.055958,2.200638,0.292541,1.573112,3.384768,0.509593,1.591498,-0.255601,-1.739323,0.764923,-0.791168,0.625038,0.063120,0.725644,0.639997,-0.705440,0.351448,0.679496,0.747190,-0.673616,0.702119,0.755353,0.178632,-0.305029,-0.228326,0.005064,0.116703,0.196712,0.154549,0.229242,0.130389,-0.246741,0.120360,-0.164924
141.000000,0.164956,-0.009639,-0.050879,1.651657,1.051275,0.077322,-0.079564,-0.028325,-1.090277,0.150000,0.000000,0.000000,0.060489,0.063986,-0.002566,-0.035761,0.022571,0.074348,0.117137,-0.022910,0.057440,-0.028920,0.024597,-0.063813,-2.474762,1.452874,-0.147375,2.063598,2.091123,-0.630452,0.979014,1.021754,3.008125,-3.246135,-0.971770,1.749925,0.733611,0.780571,-0.750167,-0.708188,0.731376,-0.702464,-0.644180,0.685221,0.127135,-0.733955,-0.659848,-0.689149,0.054801,-0.330644,-0.070066,0.120251,0.276041,0.040959,0.025585,0.424281,0.212217,-0.112273,0.100513,-0.056992
142.000000,0.255974,-0.043404,-0.004243,-0.222347,-0.389617,0.227427,-0.054614,0.026070,-1.068782,0.150000,0.000000,0.000000,0.023837,0.073339,-0.002533,-0.016748,0.095726,0.096081,0.121362,-0.024459,0.027868,-0.122549,0.017716,-0.035262,2.071488,2.149282,-3.179384,-1.419645,2.894700,-1.603362,0.001977,1.104149,0.762311,-1.469263,-1.426685,3.109114,0.748404,-0.602295,-0.706346,0.109542,-0.759791,-0.765675,-0.791290,0.280263,-0.179329,0.787784,-0.606609,0.724486,-0.033342,-0.082969,0.164390,-0.017006,0.298622,-0.201849,0.029701,0.345974,0.262332,0.057524,0.175047,0.127417
143.000000,0.153809,-0.073787,0.050425,-0.040718,-0.151839,0.027541,0.049751,0.054623,-1.065830,0.150000,0.000000,0.000000,0.078758,0.104948,-0.027842,0.007885,0.131391,0.011088,0.066601,0.072386,0.108235,-0.148980,-0.022273,-0.004948,1.016442,-2.349079,-3.031116,1.486188,2.285099,-4.813970,-2.070063,2.101808,0.821078,-0.361015,-1.588451,3.025724,-0.763678,-0.605980,0.753438,0.709837,0.762756,0.199217,0.451520,0.724044,0.651751,0.720773,0.683609,-0.623747,0.001112,0.022445,0.225755,-0.142780,0.062517,-0.326822,0.088003,0.292114,0.156732,0.099701,-0.009857,0.211300
144.000000,0.233750,-0.039573,-0.060331,0.773637,-0.758276,-0.358990,-0.013500,-0.041788,-0.949741,0.150000,0.000000,0.000000,0.046729,0.081992,-0.120183,0.056976,0.139621,-0.043042,0.091499,0.063255,0.034983,-0.053640,-0.035129,0.064959,-1.341591,-1.552570,0.322533,-0.295845,1.358047,-3.838477,0.448331,3.536090,3.097910,1.800989,0.938773,0.332161,0.191844,-0.744279,0.702891,-0.763297,-0.606120,0.624452,0.710667,-0.288152,0.615191,0.721419,0.706453,-0.798311,0.024248,-0.050913,0.007796,-0.125523,-0.170751,-0.302071,0.256732,0.063528,0.088962,-0.034219,0.177127,0.260039
145.000000,0.171287,-0.044585,-0.001165,0.477369,0.570784,-0.050027,-0.013564,0.039233,-0.904096,0.150000,0.000000,0.000000,0.019501,0.011528,-0.013692,0.048240,0.163413,-0.127551,0.110986,0.115202,0.146773,0.022381,-0.046928,-0.015471,-1.374566,-0.408350,5.374712,-2.184261,-1.118825,-0.278419,-1.299401,0.387503,0.597602,3.156898,0.796427,-5.336207,0.722969,0.695421,0.684714,-0.756914,-0.665251,0.610899,-0.639183,-0.754074,-0.664647,0.496025,0.646114,-0.609504,0.030781,0.088316,0.052335,-0.184836,-0.204567,-0.308322,0.228651,-0.032160,0.026797,-0.035452,0.219144,0.103962
146.000000,0.008678,-0.001330,0.117707,-0.900137,-0.062269,-0.338344,0.020992,0.043757,-1.080788,0.150000,0.000000,0.000000,0.018405,-0.030105,0.046035,-0.002335,0.168795,-0.110168,0.076374,0.129205,0.044987,0.065544,0.047289,-0.099050,-0.217683,0.932317,0.878070,-2.532428,0.469101,0.015043,-1.001610,-0.066973,-0.619356,0.507517,4.589334,-2.825981,0.723729,0.193012,-0.643534,0.628792,-0.669142,-0.682668,0.706669,-0.634933,-0.639159,-0.635985,0.264466,0.728070,-0.037951,0.240081,-0.015061,-0.076145,-0.224531,-0.117307,0.080964,-0.050835,0.028833,0.109291,0.339231,0.040499
147.000000,0.149613,-0.092567,0.003387,-0.299711,-0.183539,-0.227984,0.102940,0.087170,-1.051358,0.150000,0.000000,0.000000,0.091336,-0.030127,0.055413,-0.022439,0.092441,-0.051388,0.088514,0.058116,0.053337,0.069327,0.056847,-0.153284,-0.439592,-1.508139,-2.373582,-0.682022,-2.999157,0.427170,-0.204675,-4.961858,-2.484024,1.028790,2.401947,-2.912439,-0.611531,0.046142,-0.692047,-0.782128,-0.626574,0.799234,0.619506,-0.061641,-0.609201,-0.656231,-0.775867,0.261197,0.029943,0.090013,-0.349644,-0.018880,-0.115504,0.208767,-0.066573,0.363171,0.051226,-0.028993,0.418800,0.127123
148.000000,0.208042,0.075608,-0.095176,0.181322,-0.292252,-0.909382,0.087257,-0.080966,-0.986525,0.150000,0.000000,0.000000,0.076072,0.040665,0.044977,-0.121322,0.000705,0.038972,0.073642,-0.004949,0.064842,0.000764,0.077330,-0.117293,0.044380,1.401191,-1.267362,-1.373326,-0.932866,2.921883,2.615692,-1.274570,-2.322613,-1.519257,-2.888244,-0.118497,-0.606079,-0.699004,0.637297,0.669720,0.410947,0.781113,0.680108,0.483881,0.105461,-0.687651,-0.703775,0.714506,0.240172,-0.051621,-0.396872,0.022682,0.027010,0.176469,-0.099999,0.147267,0.138020,-0.056566,0.334737,-0.014127
149.000000,0.039761,0.069843,0.005642,-0.534678,-0.137037,-0.358192,-0.066450,0.078648,-1.071607,0.150000,0.000000,0.000000,0.112106,0.012133,0.022970,-0.026590,0.051629,0.046486,0.152767,-0.049810,0.062833,0.019932,0.050694,-0.149151,-1.142117,1.209928,1.847669,3.895381,0.442130,3.341381,3.119637,-1.800364,-0.502249,-2.452259,0.453413,3.879279,-0.707652,0.687405,-0.607402,0.706240,0.729489,-0.736991,0.605890,0.651932,0.316683,-0.715136,0.656487,0.769670,0.235629,-0.189978,-0.228372,-0.084888,0.010804,0.094211,0.115397,0.162789,0.159922,-0.233582,0.132876,-0.151260
